﻿<?xml version="1.0" encoding="utf-8" standalone="yes"?>
<!--version="1.0" encoding="utf-8"-->
<window>
  <controls>
    <control>
      <description>GROUP: RecentlyAdded RecordedTV 1</description>
      <type>group</type>
      <dimColor>0xffffffff</dimColor>
      <animation effect="fade" time="500">WindowOpen</animation>
      <animation effect="fade" time="500">WindowClose</animation>
      <control>
        <description>BG last added TV Recordings</description>
        <posX>1337</posX>
        <posY>74</posY>
        <type>image</type>
        <id>0</id>
        <width>580</width>
        <height>250</height>
        <texture>VideoRedoFrame.png</texture>
        <colordiffuse>EEFFFFFF</colordiffuse>
      </control>
      <control>
        <description>Index Separator</description>
        <type>label</type>
        <id>0</id>
        <posX>1380</posX>
        <posY>105</posY>
        <width>510</width>
        <label>_____________________________________________________________________________________________________________________________________________</label>
        <textcolor>ff808080</textcolor>
        <animation effect="fade" time="500">WindowOpen</animation>
        <animation effect="fade" time="500">WindowClose</animation>
      </control>
      <control>
        <description>RecordedTV Header label</description>
        <type>label</type>
        <id>0</id>
        <posX>1380</posX>
        <posY>100</posY>
        <width>387</width>
        <label>#StreamedMP.LatestTVRecordings</label>
        <font>mediastream10tc</font>
        <textcolor>White</textcolor>
      </control>
      <control>
        <description>RecordedTV 1 title</description>
        <type>label</type>
        <id>0</id>
        <posX>1380</posX>
        <posY>135</posY>
        <label>#fanarthandler.tvrecordings.latest1.title</label>
        <textcolor>White</textcolor>
        <font>mediastream10tc</font>
        <scrollStartDelaySec>20</scrollStartDelaySec>
      </control>
      <control>
        <description>RecordedTV 1 dateAdded</description>
        <type>label</type>
        <id>0</id>
        <posX>1380</posX>
        <posY>160</posY>
        <width>385</width>
        <label>#StreamedMP.RecordedOn #fanarthandler.tvrecordings.latest1.dateAdded</label>
        <font>mediastream10c</font>
        <textcolor>White</textcolor>
      </control>
    </control>
    <control>
      <description>GROUP: RecentlyAdded RecordedTV 2</description>
      <type>group</type>
      <dimColor>0xffffffff</dimColor>
      <animation effect="fade" time="500">WindowOpen</animation>
      <animation effect="fade" time="500">WindowClose</animation>
      <control>
        <description>RecordedTV 2 title</description>
        <type>label</type>
        <id>0</id>
        <posX>1380</posX>
        <posY>190</posY>
        <width>387</width>
        <label>#fanarthandler.tvrecordings.latest2.title</label>
        <font>mediastream10tc</font>
        <textcolor>White</textcolor>
        <scrollStartDelaySec>20</scrollStartDelaySec>
      </control>
      <control>
        <description>RecordedTV 2 dateAdded</description>
        <type>label</type>
        <id>0</id>
        <posX>1380</posX>
        <posY>215</posY>
        <width>385</width>
        <label>#StreamedMP.RecordedOn #fanarthandler.tvrecordings.latest2.dateAdded</label>
        <font>mediastream10c</font>
        <textcolor>White</textcolor>
      </control>
    </control>
    <control>
      <description>GROUP: RecentlyAdded RecordedTV 3</description>
      <type>group</type>
      <dimColor>0xffffffff</dimColor>
      <animation effect="fade" time="500">WindowOpen</animation>
      <animation effect="fade" time="500">WindowClose</animation>
      <control>
        <description>RecordedTV 3 title</description>
        <type>label</type>
        <id>0</id>
        <posX>1380</posX>
        <posY>245</posY>
        <width>387</width>
        <label>#fanarthandler.tvrecordings.latest3.title</label>
        <textcolor>White</textcolor>
        <font>mediastream10tc</font>
        <scrollStartDelaySec>20</scrollStartDelaySec>
      </control>
      <control>
        <description>RecordedTV 3 dateAdded</description>
        <type>label</type>
        <id>0</id>
        <posX>1380</posX>
        <posY>270</posY>
        <width>385</width>
        <label>#StreamedMP.RecordedOn #fanarthandler.tvrecordings.latest3.dateAdded</label>
        <font>mediastream10c</font>
        <textcolor>White</textcolor>
      </control>
    </control>
  </controls>
</window>
<!--Checksum:52b65b41e423a1feecb5289cc6faf92d-->