﻿<?xml version="1.0" encoding="utf-8" standalone="yes"?>
<!--version="1.0" encoding="utf-8"-->
<window>
  <id>1209</id>
  <defaultcontrol>4</defaultcontrol>
  <allowoverlay>no</allowoverlay>
  <define>#header.label:VideoRedo</define>
  <define>#header.image:-</define>
  <define>#header.hover:-</define>
  <define>#useRandomTVSeriesFanart:Yes</define>
  <controls>
    <import>common.time.xml</import>
	<import>myvideoredo.window.xml</import>
    <!--!!!!!! The Bar-Properties are Case-Sensitive !!!!!!-->
    <!--Start MoviestripBar-Properties
    Left=6;Top=80;Height=100;Width=974;LineMarkerForeground=False;LinemarkerColor=Red;LineMarkerThickness=10;
    DarkBackColor=Green;LightFillColor=Gray;DarkFillColor=Black;LightBackColor=Green;ThumbnailsCount=10 
    End MoviestripBar-Properties-->
    <!--Start Cutbar-Properties
    Left=6;Top=40;Height=25;Width=974;LineMarkerForeground=True;LinemarkerColor=Red;LineMarkerThickness=3;
    DarkBackColor=DarkGreen;LightFillColor=Red;DarkFillColor=DarkRed;LightBackColor=Green
    End Cutbar-Properties-->
	<control>
      <type>image</type>
      <id>0</id>
      <posX>0</posX>
      <posY>1012</posY>
      <width>1920</width>
      <height>70</height>
      <texture>imagestreamtitle.png</texture>
      <animation effect="fade" time="250" delay="0">WindowClose</animation>
      <visible>yes</visible>
    </control>
    <control>
      <description>Page Count Background</description>
      <type>image</type>
      <id>0</id>
      <posX>1504</posX>
      <posY>1026</posY>
      <width>390</width>
      <height>48</height>
      <texture>mediacountbg_Spin.png</texture>
      <visible>yes</visible>
      <animation effect="fade" time="250">WindowOpen</animation>
      <animation effect="fade" time="250">WindowClose</animation>
      <animation effect="slide" time="150" start="1200,0">WindowOpen</animation>
      <animation effect="slide" time="250" end="1200,0">WindowClose</animation>
    </control>
	<control>
	<description>Page Count Label</description>
      <type>label</type>
      <label>30009</label>
      <id>0</id>
      <posX>1519</posX>
      <posY>1033</posY>
      <font>mediastream12tc</font>
      <textcolor>ff909090</textcolor>
      <visible>yes</visible>
      <animation effect="fade" time="250">WindowOpen</animation>
      <animation effect="fade" time="250">WindowClose</animation>
      <animation effect="slide" time="150" start="1200,0">WindowOpen</animation>
      <animation effect="slide" time="250" end="1200,0">WindowClose</animation>
    </control>
    <control>
      <description>Item Count Background</description>
      <type>image</type>
      <id>0</id>
      <posX>1597</posX>
      <posY>19</posY>
      <width>303</width>
      <height>42</height>
      <texture>mediacountbg.png</texture>
      <visible>control.isvisible(51)</visible>
      <animation effect="fade" time="250">WindowOpen</animation>
      <animation effect="fade" time="250">WindowClose</animation>
    </control>
    <control>
      <type>label</type>
      <description>Items Translation</description>
      <id>0</id>
      <posX>1615</posX>
      <posY>25</posY>
      <width>135</width>
      <font>mediastream10tc</font>
      <textcolor>ff909090</textcolor>
      <label>507</label>
      <visible>control.isvisible(51)</visible>
      <animation effect="fade" time="250">WindowOpen</animation>
      <animation effect="fade" time="250">WindowClose</animation>
    </control>
    <control>
      <type>label</type>
      <description>Number of Cuts Label</description>
      <id>0</id>
      <posX>1860</posX>
      <posY>24</posY>
      <width>525</width>
      <font>mediastream10c</font>
      <textcolor>ff006698</textcolor>
      <align>right</align>
      <label>#itemcount</label>
      <visible>control.isvisible(51)</visible>
      <animation effect="fade" time="250">WindowOpen</animation>
      <animation effect="fade" time="250">WindowClose</animation>
    </control>
	
    <control>
      <description>TV background</description>
      <type>image</type>
      <id>1</id>
      <posX>0</posX>
      <posY>180</posY>
      <width>1085</width>
      <height>645</height>
      <texture>tv_frame.png</texture>
      <animation effect="fade" time="250">WindowOpen</animation>
      <animation effect="fade" time="250">WindowClose</animation>
    </control>
    <control>
      <type>videowindow</type>
      <description>video window</description>
      <id>44</id>
      <posX>50</posX>
      <posY>205</posY>
      <width>986</width>
      <height>555</height>
      <align>center</align>
      <valign>middle</valign>
      <keepaspectratio>yes</keepaspectratio>
	    <visible>!control.hasfocus(999)+!player.paused</visible>
      <colordiffuse>ffffffff</colordiffuse>
      <onleft>2</onleft>
      <onright>2</onright>
    </control>
    
    <!-- Neu -->
	<control> 
       <type>label</type> 
       <id>45</id> 
       <description>Audiosync Label</description> 
       <posX>50</posX> 
       <posY>800</posY>
       <width>986</width>
       <label>#MyVideoRedo.Translation.AudioSyncLabel</label> 
       <font>mediastream10c</font> 
       <align>center</align> 
       <visible>control.isvisible(46)</visible>
     </control> 
     <control> 
       <description>Audio Sync Slider</description> 
       <type>slider</type> 
       <id>46</id> 
       <posX>350</posX> 
       <posY>850</posY>
       <spintype>int</spintype> 
       <showrange>yes</showrange> 
       <textureSliderBar>sliderbackground.png</textureSliderBar> 
       <textureSliderNib>slidernibnf.png</textureSliderNib> 
       <textureSliderNibFocus>slidernibfo.png</textureSliderNibFocus> 
       <onup>51</onup> 
       <ondown>4</ondown> 
       <onleft></onleft> 
       <onright></onright> 
       <visible>no</visible>
     </control>

	
	
	 <control>
      <type>label</type>
      <description>Videoduration</description>
      <posX>35</posX>
      <posY>1033</posY>
      <label>#MyVideoRedo.Translation.Duration</label>
      <font>mediastream10c</font>
	  <visible>!window.isactive(1210)</visible>
	  <animation effect="Fade" time="250">WindowOpen</animation>
      <animation effect="Fade" time="250">WindowClose</animation>
    </control>
    
    <control>
      <type>label</type>
      <description>Videoposition</description>
      <posX>500</posX>
      <posY>1033</posY>
      <label>#MyVideoRedo.Translation.Position</label>
      <font>mediastream10c</font>
	  <visible>!window.isactive(1210)</visible>
	  <animation effect="Fade" time="250">WindowOpen</animation>
      <animation effect="Fade" time="250">WindowClose</animation>
    </control>
    
    <control>
      <type>label</type>
      <description>VideoTimeLeft</description>
      <posX>1000</posX>
      <posY>1033</posY>
      <label>#MyVideoRedo.Translation.TimeLeft</label>
      <font>mediastream10c</font>
	  <visible>!window.isactive(1210)</visible>
	  <animation effect="Fade" time="250">WindowOpen</animation>
      <animation effect="Fade" time="250">WindowClose</animation>
    </control>
	
	<!--List Control -->
    <control>
      <description>listcontrol</description>
      <type>listcontrol</type>
      <id>51</id>
      <posX>1300</posX>
      <posY>360</posY>
      <width>600</width>
      <height>675</height>
      <scrollOffset>1</scrollOffset>
      <textXOff>27</textXOff>
      <textXOff2>570</textXOff2>
      <textYOff2>12</textYOff2>
      <itemWidth>37</itemWidth>
      <itemHeight>37</itemHeight>
      <IconXOff>33</IconXOff>
      <IconYOff>15</IconYOff>
      <PinIconXOff>2</PinIconXOff>
      <PinIconYOff>10</PinIconYOff>
      <spinWidth>75</spinWidth>
      <spinHeight>55</spinHeight>
      <spinPosX>1747</spinPosX>
      <spinPosY>1024</spinPosY>
      <spinAlign>Right</spinAlign>
      <textureUp>arrow_round_up_nofocus.png</textureUp>
      <textureDown>arrow_round_down_nofocus.png</textureDown>
      <textureUpFocus>arrow_round_up_focus.png</textureUpFocus>
      <textureDownFocus>arrow_round_down_focus.png</textureDownFocus>
      <animation effect="fade" time="500">WindowOpen</animation>
      <animation effect="fade" time="500">WindowClose</animation>
      <onleft>999</onleft>
      <onright>23</onright>
      <onup>-</onup>
      <ondown>23</ondown>
	  <keepaspectratio>yes</keepaspectratio>
    </control>
	<!-- Buttons -->
	<control Style="skinbutton">
      <type>button</type>
      <description>Make Cut</description>
      <id>4</id>
      <posX>330</posX>
      <posY>960</posY>
      <width>370</width>
      <onleft>23</onleft>
      <onright>999</onright>
      <label>#MyVideoRedo.Translation.MakeCut</label>
	  <textalign>Center</textalign>
      <font>mediastream10tc</font>
      <textYOff>1</textYOff>
      <scrollStartDelaySec>1</scrollStartDelaySec>
      <scrollWrapString> | </scrollWrapString>
    </control>
	<control>
      <type>button</type>
      <description>Keyboard Mapping</description>
      <id>999</id>
      <posX>700</posX>
      <posY>960</posY>
      <width>50</width>
	  <height>50</height>
	  <textureFocus>redoHelp_focus.png</textureFocus>
      <textureNoFocus>redoHelp_nofocus.png</textureNoFocus>
      <onleft>4</onleft>
      <onright>23</onright>
	  <onup>-</onup>
	  <ondown>-</ondown>
      <label>-</label>
	  <visible>!window.isvisible(1210)</visible>
	  <animation effect="Fade" time="250">WindowOpen</animation>
      <animation effect="Fade" time="250">WindowClose</animation>
    </control>
	<control Style="skinbutton">
      <type>button</type>
      <description>Save Video</description>
      <id>23</id>
      <posX>1504</posX>
      <posY>960</posY>
      <width>390</width>
      <onleft>999</onleft>
      <onright>4</onright>
	  <onup>51</onup>
	  <ondown>51</ondown>
      <label>#MyVideoRedo.Translation.SaveVideo</label>
	  <textalign>Center</textalign>
      <font>mediastream10tc</font>
      <textYOff>1</textYOff>
      <scrollStartDelaySec>1</scrollStartDelaySec>
      <scrollWrapString> | </scrollWrapString>
    </control>
	<control>
      <id>27</id>
      <description>Image Help</description>
      <type>image</type>
      <posX>50</posX>
      <posY>205</posY>
      <width>986</width>
      <height>555</height>
    <align>center</align>
    <valign>middle</valign>
	  <keepaspectratio>yes</keepaspectratio>
      <texture>redoRemote.png</texture>
	  <visible>control.hasfocus(999)</visible>
    </control>
    <control>
      <id>29</id>
      <description>StillImage</description>
      <type>image</type>
      <posX>50</posX>
      <posY>205</posY>
      <width>986</width>
      <height>555</height>
      <align>center</align>
      <valign>middle</valign>
      <keepaspectratio>yes</keepaspectratio>
      <visible>!control.hasfocus(999)+player.paused</visible>
    </control>
    <control>
      <description>Working Animation</description>
      <type>animation</type>
      <id>13</id>
      <posX>825</posX>
      <posY>120</posY>
      <width>144</width>
      <height>144</height>
      <textures>common.waiting.1.png;common.waiting.2.png;common.waiting.3.png;common.waiting.4.png;common.waiting.5.png;common.waiting.6.png;common.waiting.7.png;common.waiting.8.png</textures>
      <Duration>0:0:01.5</Duration>
      <keepaspectratio>yes</keepaspectratio>
    </control>
  </controls>
</window>