﻿<?xml version="1.0" encoding="utf-8" standalone="yes"?>
<!--version="1.0" encoding="utf-8" standalone="yes"-->
<window>
  <id>1208</id>
  <defaultcontrol>10</defaultcontrol>
  <allowoverlay>no</allowoverlay>
  <define>#header.label:VideoRedo</define>
  <define>#header.image:-</define>
  <define>#header.hover:-</define>
  <define>#useRandomTVSeriesFanart:Yes</define>
  <controls>
    <!-- Background & StreamedMP Layout -->
    <import>common.time.xml</import>
    <import>common.overlays.xml</import>
    <import>myvideoredo.window.xml</import>
    <import>myVideoRedoStart.TVRecords.xml</import>
	<control>
      <type>image</type>
      <id>0</id>
      <posX>0</posX>
      <posY>1012</posY>
      <width>1920</width>
      <height>70</height>
      <texture>imagestreamtitle.png</texture>
      <animation effect="fade" time="250" delay="0">WindowClose</animation>
      <visible>yes</visible>
    </control>
	<control>
      <description>Page Count Background</description>
      <type>image</type>
      <id>0</id>
      <posX>1504</posX>
      <posY>1026</posY>
      <width>390</width>
      <height>48</height>
      <texture>mediacountbg_Spin.png</texture>
      <visible>control.isvisible(10)</visible>
      <animation effect="fade" time="250">WindowOpen</animation>
      <animation effect="fade" time="250">WindowClose</animation>
      <animation effect="slide" time="150" start="1200,0">WindowOpen</animation>
      <animation effect="slide" time="250" end="1200,0">WindowClose</animation>
    </control>
	<control>
	<description>Page Count Label</description>
      <type>label</type>
      <label>30009</label>
      <id>0</id>
      <posX>1519</posX>
      <posY>1033</posY>
      <font>mediastream12tc</font>
      <textcolor>ff909090</textcolor>
      <visible>control.isvisible(10)</visible>
      <animation effect="fade" time="250">WindowOpen</animation>
      <animation effect="fade" time="250">WindowClose</animation>
      <animation effect="slide" time="150" start="1200,0">WindowOpen</animation>
      <animation effect="slide" time="250" end="1200,0">WindowClose</animation>
    </control>
    <control>
      <description>Item Count Background</description>
      <type>image</type>
      <id>0</id>
      <posX>1597</posX>
      <posY>19</posY>
      <width>303</width>
      <height>42</height>
      <texture>mediacountbg.png</texture>
      <visible>control.isvisible(10)</visible>
      <animation effect="fade" time="250">WindowOpen</animation>
      <animation effect="fade" time="250">WindowClose</animation>
    </control>
    <control>
      <type>label</type>
      <description>Items Translation</description>
      <id>0</id>
      <posX>1615</posX>
      <posY>25</posY>
      <width>135</width>
      <font>mediastream10tc</font>
      <textcolor>ff909090</textcolor>
      <label>507</label>
      <visible>control.isvisible(10)</visible>
      <animation effect="fade" time="250">WindowOpen</animation>
      <animation effect="fade" time="250">WindowClose</animation>
    </control>
    <control>
      <type>label</type>
      <description>Number of Files Label</description>
      <id>0</id>
      <posX>1860</posX>
      <posY>24</posY>
      <width>525</width>
      <font>mediastream10c</font>
      <textcolor>ff006698</textcolor>
      <align>right</align>
      <label>#itemcount</label>
      <visible>control.isvisible(10)</visible>
      <animation effect="fade" time="250">WindowOpen</animation>
      <animation effect="fade" time="250">WindowClose</animation>
    </control>
    <!-- Start List of Files -->	
    <control>
      <type>group</type>
      <description>group element</description>
      <animation effect="fade" time="250">WindowOpen</animation>
      <animation effect="fade" time="250">WindowClose</animation>
      <animation effect="slide" time="150" start="1200,0">WindowOpen</animation>
      <animation effect="slide" time="250" end="1200,0">WindowClose</animation>
	  <control>
       <description>listcontrol</description>
       <type>listcontrol</type>
       <id>10</id>
       <posX>930</posX>
       <posY>360</posY>
       <height>675</height>
       <width>990</width>
       <scrollOffset>2</scrollOffset>
	     <PinIconWidth>30</PinIconWidth>
       <PinIconHeight>30</PinIconHeight>
       <PinIconXOff>108</PinIconXOff>
       <PinIconYOff>33</PinIconYOff>
       <itemWidth>90</itemWidth>
       <itemHeight>90</itemHeight>
       <IconXOff>7</IconXOff>
       <IconYOff>3</IconYOff>
       <textXOff>60</textXOff>
       <textXOff2>975</textXOff2>
       <textXOff3>165</textXOff3>
       <textYOff2>55</textYOff2>
       <textureHeight>96</textureHeight>
       <font2>mediastream10c</font2>
       <keepaspectratio>yes</keepaspectratio>
       <spinPosX>1747</spinPosX>
       <spinPosY>1024</spinPosY>
	     <spinAlign>Right</spinAlign>
       <textureUp>arrow_round_up_nofocus.png</textureUp>
       <textureDown>arrow_round_down_nofocus.png</textureDown>
       <textureUpFocus>arrow_round_up_focus.png</textureUpFocus>
       <textureDownFocus>arrow_round_down_focus.png</textureDownFocus>
       <spinWidth>75</spinWidth>
       <spinHeight>55</spinHeight>
       <onleft>21</onleft>
       <onright>4</onright>
       <keepaspectratio>yes</keepaspectratio>
     </control>
    </control>
	  <!-- End List of Files -->
    <!-- Start List of Episodes -->
    <control>
      <type>group</type>
      <description>group element</description>
      <animation effect="fade" time="250">WindowOpen</animation>
      <animation effect="fade" time="250">WindowClose</animation>
      <animation effect="slide" time="150" start="1200,0">WindowOpen</animation>
      <animation effect="slide" time="250" end="1200,0">WindowClose</animation>
	  <control>
        <id>40</id>
        <type>listcontrol</type>
        <onleft>21</onleft>
        <onright>10</onright>
        <visible>!control.isvisible(50)+control.isvisible(60)</visible>
        <posX>0</posX>
        <posY>360</posY>
        <width>803</width>
        <height>500</height>
        <spinWidth>75</spinWidth>
        <spinHeight>55</spinHeight>
        <spinPosX>650</spinPosX>
        <spinPosY>803</spinPosY>
        <spinAlign>Right</spinAlign>
        <textureUp>arrow_round_up_nofocus.png</textureUp>
        <textureDown>arrow_round_down_nofocus.png</textureDown>
        <textureUpFocus>arrow_round_up_focus.png</textureUpFocus>
        <textureDownFocus>arrow_round_down_focus.png</textureDownFocus>
        <IconXOff>3</IconXOff>
        <IconYOff>15</IconYOff>
        <textXOff>0</textXOff>
        <textXOff2>0</textXOff2>
        <itemWidth>30</itemWidth>
        <itemHeight>30</itemHeight>
        <font2>mediastream10c</font2>
	  </control> -->
    </control>
    <control> <!-- Pagecount for Episodes List -->
      <description>Page Count Background2</description>
      <type>image</type>
      <id>0</id>
      <posX>404</posX>
      <posY>806</posY>
      <width>390</width>
      <height>48</height>
      <texture>mediacountbg_Spin.png</texture>
      <visible>!control.isvisible(50)+control.isvisible(60)</visible>
      <animation effect="fade" time="250">WindowOpen</animation>
      <animation effect="fade" time="250">WindowClose</animation>
      <animation effect="slide" time="150" start="1200,0">WindowOpen</animation>
      <animation effect="slide" time="250" end="1200,0">WindowClose</animation>
    </control>
	<control>
	<description>Page Count Label2</description>
      <type>label</type>
      <label>30009</label>
      <id>0</id>
      <posX>419</posX>
      <posY>813</posY>
      <font>mediastream12tc</font>
      <textcolor>ff909090</textcolor>
      <visible>!control.isvisible(50)+control.isvisible(60)</visible>
      <animation effect="fade" time="250">WindowOpen</animation>
      <animation effect="fade" time="250">WindowClose</animation>
      <animation effect="slide" time="150" start="1200,0">WindowOpen</animation>
      <animation effect="slide" time="250" end="1200,0">WindowClose</animation>
    </control> 
	<!-- End List of Episodes -->
	<!-- File is Series Episode -->
    <control>
      <description>BG Series Cover</description>
      <posX>0</posX>
      <posY>75</posY>
      <type>image</type>
      <id>0</id>
      <width>803</width>
      <height>245</height>
      <texture>VideoRedoFrame.png</texture>
      <colordiffuse>EEFFFFFF</colordiffuse>
      <animation effect="fade" time="500">WindowOpen</animation>
      <animation effect="fade" time="500">WindowClose</animation>
      <visible>!control.isvisible(50)+control.isvisible(60)</visible>
    </control>
    <control>
      <id>31</id>
      <type>label</type>
      <visible>!control.isvisible(50)+control.isvisible(60)</visible>
      <posX>225</posX>
      <posY>138</posY>
      <label>#NewSeriesName</label>
      <font>mediastream10tc</font>
      <animation effect="fade" time="500">WindowOpen</animation>
      <animation effect="fade" time="500">WindowClose</animation>
    </control>
    <control>
      <id>31</id>
      <type>label</type>
      <visible>!control.isvisible(50)+control.isvisible(60)</visible>
      <posX>225</posX>
      <posY>105</posY>
      <label>#MyVideoRedo.Translation.IdentifiedEpisode</label>
      <font>mediastream10tc</font>
      <animation effect="fade" time="500">WindowOpen</animation>
      <animation effect="fade" time="500">WindowClose</animation>
    </control>
    <control>
      <description>Index Separator</description>
      <type>label</type>
      <id>0</id>
      <posX>225</posX>
      <posY>108</posY>
      <width>510</width>
      <label>_____________________________________________________________________________________________________________________________________________</label>
      <textcolor>ff808080</textcolor>
      <visible>!control.isvisible(50)+control.isvisible(60)</visible>
      <animation effect="fade" time="500">WindowOpen</animation>
      <animation effect="fade" time="500">WindowClose</animation>
    </control>
	<!-- Series Cover -->
    <control>
      <id>0</id>
      <type>image</type>
      <visible>!control.isvisible(50)+control.isvisible(60)</visible>
      <posX>35</posX>
      <posY>100</posY>
      <width>200</width>
      <height>200</height>
      <texture>#Seriescover</texture>
      <animation effect="fade" time="500">WindowOpen</animation>
      <animation effect="fade" time="500">WindowClose</animation>
	  <keepaspectratio>yes</keepaspectratio>
    </control>
	<!--Preview Picture-->
    <control>
      <id>30</id>
      <type>image</type>
      <visible>!control.isvisible(60)</visible>
      <posX>35</posX>
      <posY>360</posY>
      <width>768</width>
      <height>432</height>
      <texture>#RecordingImage</texture>
      <animation effect="fade" time="500">WindowOpen</animation>
      <animation effect="fade" time="500">WindowClose</animation>
    </control>
	<!-- Infobox -->
    <control>
      <id>32</id>
      <description>Summary</description>
      <type>textboxscrollup</type>
      <visible>!control.isvisible(50)+control.isvisible(60)</visible>
      <posX>2250</posX>
      <posY>262</posY>
      <width>600</width>
      <height>240</height>
      <textcolor>ffFFFFFF</textcolor>
      <seperator>-----------------------------------------------------------------------------------</seperator>
      <font>mediastream10</font>
      <scrollStartDelaySec>#textboxscrolldelay.details</scrollStartDelaySec>
      <label>#MovingPictures.SelectedMovie.summary</label>
      <animation effect="fade" time="500">WindowOpen</animation>
      <animation effect="fade" time="500">WindowClose</animation>
    </control>
    <control>
      <id>11</id>
      <description>Titel</description>
      <type>label</type>
      <posX>35</posX>
      <posY>845</posY>
      <width>768</width>
      <label>#RecordingTitle</label>
      <font>mediastream10c</font>
      <animation effect="fade" time="500">WindowOpen</animation>
      <animation effect="fade" time="500">WindowClose</animation>
    </control>
    <control>
      <description>Index Separator</description>
      <type>label</type>
      <id>0</id>
      <posX>35</posX>
      <posY>860</posY>
      <width>768</width>
      <label>_____________________________________________________________________________________________________________________________________________</label>
      <textcolor>ff808080</textcolor>
      <animation effect="fade" time="500">WindowOpen</animation>
      <animation effect="fade" time="500">WindowClose</animation>
    </control>
    <control>
      <id>16</id>
      <type>label</type>
      <posX>35</posX>
      <posY>890</posY>
      <width>768</width>
      <label>#RecordingEpisodename</label>
      <font>mediastream10c</font>
      <animation effect="fade" time="500">WindowOpen</animation>
      <animation effect="fade" time="500">WindowClose</animation>
    </control>
    <control>
      <id>12</id>
      <description>Genre</description>
      <type>label</type>
      <posX>35</posX>
      <posY>920</posY>
      <width>768</width>
      <label>#RecordingGenre</label>
      <font>mediastream10c</font>
      <animation effect="fade" time="500">WindowOpen</animation>
      <animation effect="fade" time="500">WindowClose</animation>
    </control>
    <control>
      <id>60</id> <!-- What is this for / When is it used??-->
      <description>dummy label</description>
      <type>label</type>
      <visible>false</visible>
      <posX>960</posX>
      <posY>781</posY>
      <label>
      </label>
    </control>
	<!-- ProgressBar Load Animation -->
    <control> <!-- Used on change to Cut (MyVideoRedo.xml) -->
      <id>52</id>
      <type>animation</type>
      <visible>false</visible>
      <posX>858</posX>
      <posY>440</posY>
      <width>235</width>
      <height>36</height>
      <textures>common.waiting.1.png;common.waiting.2.png;common.waiting.3.png;common.waiting.4.png;common.waiting.5.png;common.waiting.6.png;common.waiting.7.png;common.waiting.8.png</textures>
      <Duration>0:0:01.5</Duration>
    </control>
    <control> <!-- What is this for / When is it used??-->
      <id>51</id>
      <type>animation</type>
      <visible>false</visible>
      <posX>858</posX>
      <posY>440</posY>
      <width>235</width>
      <height>36</height>
      <textures>common.waiting.1.png;common.waiting.2.png;common.waiting.3.png;common.waiting.4.png;common.waiting.5.png;common.waiting.6.png;common.waiting.7.png;common.waiting.8.png</textures>
      <Duration>0:0:01.5</Duration>
    </control>
    <!-- Buttons-->
    <control Style="skinbutton">
      <id>4</id>
      <type>checkbutton</type>
      <onleft>21</onleft>
      <onright>21</onright>
	  <onup>-</onup>
      <ondown>-</ondown>
      <posX>140</posX>
      <posY>960</posY>
	  <width>600</width>
	  <textalign>LEFT</textalign>
      <align>RIGHT</align>
      <font>mediastream10tc</font>
      <label>#MyVideoRedo.Translation.UseVideoAsSeries</label>
	  <!--
	  <textYOff>1</textYOff>
      <scrollStartDelaySec>1</scrollStartDelaySec>
      <scrollWrapString> | </scrollWrapString>
      -->
    </control>
	<control Style="skinbutton">
      <id>21</id>
      <type>button</type>
      <onleft>4</onleft>
      <onright>4</onright>
      <onup>10</onup>
      <ondown>10</ondown>
      <posX>1504</posX>
      <posY>960</posY>
      <width>390</width>
      <label>#MyVideoRedo.Translation.EditVideo</label>
      <textalign>Center</textalign>
      <font>mediastream10tc</font>
      <textYOff>1</textYOff>
      <scrollStartDelaySec>1</scrollStartDelaySec>
      <scrollWrapString> | </scrollWrapString>
    </control>
  </controls>
</window>