﻿<?xml version="1.0" encoding="utf-8" standalone="yes"?>
<!--version="1.0" encoding="utf-8" standalone="yes"-->
<window>
  <id>1210</id>
  <defaultcontrol>13</defaultcontrol>
  <allowoverlay>no</allowoverlay>
  <define>#header.label:#currentmodule</define>
  <controls>
    <control>
      <type>image</type>
      <id>0</id>
      <posX>541</posX>
      <posY>296</posY>
      <width>840</width>
      <height>449</height>
      <texture>dlDialog.png</texture>
	  <colordiffuse>FFffffff</colordiffuse>
      <animation effect="fade" time="200">WindowOpen</animation>
      <animation effect="fade" time="200">WindowClose</animation>
    </control>
    <control>
      <description>GFX-Heading "menu" text label</description>
      <type>label</type>
      <id>0</id>
      <posX>576</posX>
      <posY>331</posY>
      <width>360</width>
      <label>#MyVideoRedo.Translation.SavingProfile:</label>
      <font>mediastream12tc</font>
      <textcolor>FFFFFFFF</textcolor>
      <animation effect="fade" time="200">WindowOpen</animation>
      <animation effect="fade" time="200">WindowClose</animation>
    </control>
    <control>
      <description>Heading text label</description>
      <type>label</type>
      <id>4</id>
      <posX>900</posX>
      <posY>331</posY>
	  <width>400</width>
      <label>#ProfileTmp.Name</label>
      <font>mediastream12tc</font>
      <textcolor>FFFFFFFF</textcolor>
	  <textYOff>1</textYOff>
	  <scrollStartDelaySec>1</scrollStartDelaySec>
      <scrollWrapString> | </scrollWrapString>
      <animation effect="fade" time="200">WindowOpen</animation>
      <animation effect="fade" time="200">WindowClose</animation>
    </control>
    <control>
      <type>label</type>
      <posX>576</posX>
      <posY>391</posY>
      <label>#MyVideoRedo.Translation.Encodingtype</label>
      <font>mediastream10c</font>
    </control>
    <control>
      <type>label</type>
      <posX>576</posX>
      <posY>436</posY>
      <label>#MyVideoRedo.Translation.Filetype</label>
      <font>mediastream10c</font>
    </control>
    <control>
      <type>label</type>
      <posX>576</posX>
      <posY>481</posY>
      <label>#MyVideoRedo.Translation.Resolution</label>
      <font>mediastream10c</font>
    </control>
    <control>
      <type>label</type>
      <posX>576</posX>
      <posY>526</posY>
      <label>#MyVideoRedo.Translation.Ratio</label>
      <font>mediastream10c</font>
    </control>
    <control>
      <type>label</type>
      <posX>576</posX>
      <posY>571</posY>
      <label>#MyVideoRedo.Translation.Deinterlacemode</label>
      <font>mediastream10c</font>
    </control>
    <control>
      <type>label</type>
      <posX>576</posX>
      <posY>616</posY>
      <label>#MyVideoRedo.Translation.Framerate</label>
      <font>mediastream10c</font>
    </control>
    <control>
      <type>fadelabel</type>
      <posX>900</posX>
      <posY>391</posY>
      <width>300</width>
      <label>#ProfileTmp.Encodingtype</label>
      <font>mediastream10c</font>
    </control>
    <control>
      <type>fadelabel</type>
      <posX>900</posX>
      <posY>436</posY>
      <width>300</width>
      <label>#ProfileTmp.Filetype</label>
      <font>mediastream10c</font>
    </control>
    <control>
      <type>fadelabel</type>
      <posX>900</posX>
      <posY>481</posY>
      <width>300</width>
      <label>#ProfileTmp.Resolution</label>
      <font>mediastream10c</font>
    </control>
    <control>
      <type>fadelabel</type>
      <posX>900</posX>
      <posY>526</posY>
      <width>300</width>
      <label>#Profile.Ratio</label>
      <font>mediastream10c</font>
    </control>
    <control>
      <type>fadelabel</type>
      <posX>900</posX>
      <posY>571</posY>
      <width>300</width>
      <label>#ProfileTmp.Deinterlacemode</label>
      <font>mediastream10c</font>
    </control>
    <control>
      <type>fadelabel</type>
      <posX>900</posX>
      <posY>616</posY>
      <width>300</width>
      <label>#ProfileTmp.Framerate</label>
      <font>mediastream10c</font>
    </control>
    <control Style="skinbutton">
      <type>button</type>
      <id>13</id>
      <posX>576</posX>
      <posY>675</posY>
      <width>250</width>
      <onleft>12</onleft>
      <onright>12</onright>
      <onup>14</onup>
      <ondown>14</ondown>
      <label>506</label>
      <textalign>CENTER</textalign>
	  <textvalign>middle</textvalign>
	  <textYOff>1</textYOff>
      <scrollStartDelaySec>1</scrollStartDelaySec>
      <scrollWrapString> | </scrollWrapString>
    </control>
    <control Style="skinbutton">
      <type>button</type>
      <id>14</id>
      <posX>1085</posX>
      <posY>675</posY>
      <width>250</width>
      <onleft>13</onleft>
      <onright>13</onright>
      <onup>12</onup>
      <ondown>12</ondown>
      <label>510</label>
      <textalign>CENTER</textalign>
	  <textvalign>middle</textvalign>
	  <textYOff>1</textYOff>
      <scrollStartDelaySec>1</scrollStartDelaySec>
      <scrollWrapString> | </scrollWrapString>
    </control>
	<control>
      <description>Window Exit button</description>
      <type>button</type>
      <id>12</id>
      <onup>14</onup>
      <ondown>14</ondown>
      <posX>1330</posX>
      <posY>315</posY>
	  <width>37</width>
	  <height>35</height>
      <textureFocus>button_close_focus.png</textureFocus>
      <textureNoFocus>button_close_nofocus.png</textureNoFocus>
      <label>-</label>
      <animation effect="fade" time="200">WindowOpen</animation>
      <animation effect="fade" time="200">WindowClose</animation>
    </control>
  </controls>
</window>
<!--Checksum:ed59ccf700b709d83fc38a47654b9840-->