﻿<window>
  <id>1209</id>
  <defaultcontrol>4</defaultcontrol>
  <allowoverlay>no</allowoverlay>
  <define>#header.label:#currentmodule</define>
  
  <controls>
    <import>common.time.xml</import>
    <!--!!!!!! The Bar-Properties are Case-Sensitive and proportional to the Videowindow !!!!!!-->
    <!--Start MoviestripBar-Properties
    Left=-100;Top=50;Height=118;Width=693;LineMarkerForeground=True;LinemarkerColor=Red;LineMarkerThickness=6;
    DarkBackColor=Green;LightFillColor=Gray;DarkFillColor=Black;LightBackColor=Green;ThumbnailsCount=6
    End MoviestripBar-Properties-->
    <!--Start Cutbar-Properties
    Left=-100;Top=13;Height=25;Width=693;LineMarkerForeground=True;LinemarkerColor=Black;LineMarkerThickness=3;
    DarkBackColor=DarkGreen;LightFillColor=Red;DarkFillColor=DarkRed;LightBackColor=Green
    End Cutbar-Properties-->

	<control>
    <description>BG</description>
    <type>image</type>
    <id>1</id>
    <texture>background.png</texture>
    <width>1920</width>
    <height>1080</height>
    <colordiffuse>90ffffff</colordiffuse>
  </control>
	
	<control>
    <id>0</id>
    <description>VIEWPORT</description>
    <type>image</type>
    <posX>10</posX>
    <posY>145</posY>
    <width>1903</width>
    <height>897</height>
    <texture>panel_list.png</texture>
    <animation effect="Fade" time="250">WindowOpen</animation>
    <animation effect="Fade" time="250">WindowClose</animation>
  </control>

  <control>
    <id>0</id>
    <type>image</type>
    <posX>66</posX>
    <posY>42</posY>
    <width>61</width>
    <height>57</height>
    <texture>icon_myvideoredo.png</texture>
    <animation effect="Fade" time="250">WindowOpen</animation>
    <animation effect="Fade" time="250">WindowClose</animation>
   </control>

  <control>
    <type>videowindow</type>
    <description>video window</description>
    <id>44</id>
    <posX>240</posX>
    <posY>215</posY>
    <width>733</width>
    <height>412</height>
    <colordiffuse>ffffffff</colordiffuse>
    <keepaspectratio>yes</keepaspectratio>
    <visible>!control.hasfocus(999)+!player.paused</visible>
	  <animation effect="Fade" time="250">WindowOpen</animation>
    <animation effect="Fade" time="250">WindowClose</animation>
  </control>	

  <control>
    <description>listcontrol mit den Cuts</description>
    <type>listcontrol</type>
    <id>51</id>
      <dimColor>ffffffff</dimColor>
	    <posX>1165</posX>
      <posY>219</posY>
      <width>720</width>
      <height>800</height>
      <onleft>999</onleft>
      <onright>4</onright>
      <animation effect="Fade" time="250">WindowOpen</animation>
      <animation effect="Fade" time="250">WindowClose</animation>
      <scrollOffset>1</scrollOffset>
      <itemWidth>55</itemWidth>
      <itemHeight>40</itemHeight>
      <textureFocus>listcontrol_item_selected_tv.png</textureFocus>
      <IconXOff>32</IconXOff>
      <IconYOff>8</IconYOff>
      <textXOff>50</textXOff>
      <textXOff2>674</textXOff2>
      <keepaspectratio>no</keepaspectratio>
      <spinPosX>-350</spinPosX>
      <spinPosY>930</spinPosY>
      <spinCanFocus>no</spinCanFocus>
    </control>
    
    <control> 
       <type>label</type> 
       <id>45</id> 
       <description>Audiosync Label</description> 
       <posX>1200</posX> 
       <posY>500</posY> 
       <width>400</width> 
       <label>#MyVideoRedo.Translation.AudioSyncLabel</label> 
       <font>font10</font> 
       <align>right</align> 
       <visible>control.isvisible(46)</visible>
    </control> 
    <control> 
       <description>Audio Sync Slider</description> 
       <type>slider</type> 
       <id>46</id> 
       <posX>1220</posX> 
       <posY>500</posY> 
       <spintype>int</spintype> 
       <showrange>yes</showrange> 
       <textureSliderBar>sliderbackground.png</textureSliderBar> 
       <textureSliderNib>slidernibnf.png</textureSliderNib> 
       <textureSliderNibFocus>slidernibfo.png</textureSliderNibFocus> 
       <onup>51</onup> 
       <ondown>4</ondown> 
       <onleft></onleft> 
       <onright></onright> 
       <visible>no</visible>
    </control>
    
    <control>
      <type>label</type>
      <description>Videoduration</description>
      <posX>85</posX>
      <posY>995</posY>
      <width>450</width>
      <label>#MyVideoRedo.Translation.Duration</label>
      <font>fontB12</font>
	    <align>left</align>
  	  <textcolor>FF000000</textcolor>
  	  <visible>!window.isactive(1210)</visible>
  	  <animation effect="Fade" time="250">WindowOpen</animation>
      <animation effect="Fade" time="250">WindowClose</animation>
    </control>
    
    <control>
      <type>label</type>
      <description>Videoposition</description>
      <posX>0</posX>
      <posY>1013</posY>
      <width>1920</width>
      <label>#MyVideoRedo.Translation.Position</label>
      <font>fontB12</font>
	    <align>center</align>
	    <textcolor>FF000000</textcolor>
	    <visible>!window.isactive(1210)</visible>
	    <animation effect="Fade" time="250">WindowOpen</animation>
      <animation effect="Fade" time="250">WindowClose</animation>
    </control>
    
    <control>
      <type>label</type>
      <description>VideoTimeLeft</description>
      <posX>1840</posX>
      <posY>995</posY>
      <width>450</width>
      <label>#MyVideoRedo.Translation.TimeLeft</label>
      <font>fontB12</font>
	   <align>right</align>
	    <textcolor>FF000000</textcolor>
	    <visible>!window.isactive(1210)</visible>
	    <animation effect="Fade" time="250">WindowOpen</animation>
      <animation effect="Fade" time="250">WindowClose</animation>
    </control>
    
	<control>
      <type>button</type>
      <description>Make Cut</description>
      <id>4</id>
      <posX>240</posX>
      <posY>900</posY>
	    <width>265</width>
      <onleft>51</onleft>
      <onright>23</onright>
	    <onup>51</onup>
	    <ondown>4</ondown>
	    <textureFocus>settings_button_small_focus.png</textureFocus>
      <textureNoFocus>settings_button_small_nofocus.png</textureNoFocus>
      <label>#MyVideoRedo.Translation.MakeCut</label>
	    <textalign>CENTER</textalign>
	    <textvalign>middle</textvalign>
      <visible>!window.isactive(1210)</visible>
	    <animation effect="Fade" time="250">WindowOpen</animation>
      <animation effect="Fade" time="250">WindowClose</animation>
    </control>
    
    
    <control>
      <type>button</type>
      <description>Save Video</description>
      <id>23</id>
      <posX>535</posX>
      <posY>900</posY>
  	  <width>280</width>
      <onleft>4</onleft>
      <onright>999</onright>
  	  <onup>51</onup>
  	  <ondown>23</ondown>
	    <textureFocus>settings_button_small_focus.png</textureFocus>
      <textureNoFocus>settings_button_small_nofocus.png</textureNoFocus>
      <label>#MyVideoRedo.Translation.SaveVideo</label>
  	  <textalign>CENTER</textalign>
  	  <textvalign>middle</textvalign>
      <visible>!window.isactive(1210)</visible>
  	  <animation effect="Fade" time="250">WindowOpen</animation>
      <animation effect="Fade" time="250">WindowClose</animation>
    </control>

    <control>
      <type>button</type>
      <description>Tastenbelegung</description>
      <id>999</id>
      <posX>925</posX>
      <posY>905</posY>
      <width>50</width>
	    <height>50</height>
  	  <textureFocus>redoHelp_focus.png</textureFocus>
      <textureNoFocus>redoHelp_nofocus.png</textureNoFocus>
      <onleft>23</onleft>
      <onright>51</onright>
      <label>-</label>
	    <visible>!window.isvisible(1210)</visible>
	    <animation effect="Fade" time="250">WindowOpen</animation>
      <animation effect="Fade" time="250">WindowClose</animation>
    </control>
    
    <control>
      <id>27</id>
      <description>Image Help</description>
      <type>image</type>
      <posX>240</posX>
      <posY>215</posY>
      <width>733</width>
      <height>412</height>
      <align>center</align>
      <valign>middle</valign>
      <keepaspectratio>yes</keepaspectratio>
      <texture>redoRemote.png</texture>
	    <visible>control.hasfocus(999)</visible>
    </control>

    <control>
      <id>29</id>
      <description>StillImage</description>
      <type>image</type>
      <posX>240</posX>
      <posY>215</posY>
      <width>733</width>
      <height>412</height>
      <align>center</align>
      <valign>middle</valign>
      <keepaspectratio>yes</keepaspectratio>
      <visible>!control.hasfocus(999)+player.paused</visible>
    </control>
     
	  <control>
      <id>13</id>
      <type>animation</type>
      <visible>false</visible>
      <posX>912</posX>
	    <posY>492</posY>
	    <width>96</width>
	    <height>96</height>
      <textures>common.waiting.1.png;common.waiting.2.png;common.waiting.3.png;common.waiting.4.png;common.waiting.5.png;common.waiting.6.png;common.waiting.8.png</textures>
      <Duration>0:0:01.5</Duration>
    </control>   
  </controls>
</window>

