<window>
  <id>1209</id>
  <defaultcontrol>4</defaultcontrol>
  <allowoverlay>no</allowoverlay>
  <define>#header.label:MyVideoReDo</define>

    <controls>

    <!--!!!!!! The Bar-Properties are Case-Sensitive and proportional to the Videowindow !!!!!!-->
    <!--Start MoviestripBar-Properties
    Left=-220;Top=164;Height=179;Width=1060;LineMarkerForeground=True;LinemarkerColor=Red;LineMarkerThickness=10;
    DarkBackColor=Green;LightFillColor=Gray;DarkFillColor=Black;LightBackColor=Green;ThumbnailsCount=6
    End MoviestripBar-Properties-->
    <!--Start Cutbar-Properties
    Left=-220;Top=119;Height=35;Width=1060;LineMarkerForeground=True;LinemarkerColor=Black;LineMarkerThickness=4;
    DarkBackColor=DarkGreen;LightFillColor=Red;DarkFillColor=DarkRed;LightBackColor=Green
    End Cutbar-Properties-->

        <control>
            <id>1</id>
            <description>BG</description>
            <type>image</type>
            <width>1920</width>
            <height>1080</height>
            <texture>background.png</texture>
        </control>

        <control>
            <id>1</id>
            <description>Overlay</description>
            <type>image</type>
            <width>1920</width>
            <height>1080</height>
            <texture>overlay_long.png</texture>
        </control>

        <control>
            <id>1</id>
            <description>background for list</description>
            <type>image</type>
            <posX>1</posX>
            <posY>92</posY>
            <width>1893</width>
            <height>795</height>
            <texture>viewport_noposter.png</texture>
        </control>

        <control>
            <id>0</id>
            <description>RSS background</description>
            <type>image</type>
            <posX>0</posX>
            <posY>828</posY>
            <width>1865</width>
            <height>96</height>
            <texture>basichome_rss_bg.png</texture>
        </control>


        <control>
            <id>1</id>
            <type>label</type>
            <posX>185</posX>
            <posY>38</posY>
            <width>500</width>
            <font>font22</font>
            <textcolor>ff6aa5cb</textcolor>
            <label>MyVideoReDo</label>
            <animation effect="Fade" time="250">WindowOpen</animation>
            <animation effect="Fade" time="250">WindowClose</animation>
        </control>


        <control>
            <type>videowindow</type>
            <description>video window</description>
            <id>44</id>
            <posX>275</posX>
            <posY>169</posY>
            <width>614</width>
            <height>345</height>
            <colordiffuse>ffffffff</colordiffuse>
            <onleft>2</onleft>
            <onright>2</onright>
            <visible>!control.hasfocus(999)+!player.paused</visible>
            <animation effect="Fade" time="300">WindowOpen</animation>
            <animation effect="Fade" time="50">WindowClose</animation>
        </control>

        <control>
            <type>image</type>
            <description>currentframe</description>
            <id>29</id>
            <posX>275</posX>
            <posY>169</posY>
            <width>614</width>
            <height>345</height>
            <align>center</align>
            <valign>middle</valign>
            <keepaspectratio>yes</keepaspectratio>
            <visible>!control.hasfocus(999)+player.paused</visible>
        </control>


        <control>
            <description>Audio Sync Slider</description>
            <type>slider</type>
            <id>46</id>
            <posX>135</posX>
            <posY>775</posY>
            <spintype>int</spintype>
            <showrange>yes</showrange>
            <font>font10</font>
            <textureSliderBar>osd_slider_bg.png</textureSliderBar>
            <textureSliderNib>osd_slider_nibNF.png</textureSliderNib>
            <textureSliderNibFocus>osd_slider_nibFO.png</textureSliderNibFocus>
            <onup>23</onup>
            <ondown>51</ondown>
            <onleft></onleft>
            <onright></onright>
            <visible>no</visible>
        </control>

        <control>
            <type>label</type>
            <description>Audiosync Label</description>
            <id>45</id>
            <posX>390</posX>
            <posY>730</posY>
            <width>400</width>
            <label>#MyVideoRedo.Translation.AudioSyncLabel</label>
            <font>AvalonLight10</font>
            <align>center</align>
            <visible>control.isvisible(46)+!window.isactive(1210)</visible>
        </control>


        <control>
            <id>51</id>
            <description>listcontrol mit den Cuts</description>
            <type>listcontrol</type>
            <posX>1166</posX>
            <posY>160</posY>
            <width>684</width>
            <height>715</height>
            <onleft>23</onleft>
            <onright>51</onright>
            <animation effect="Fade" time="300">WindowOpen</animation>
            <animation effect="Fade" time="300">WindowClose</animation>
            <dimColor>ffffffff</dimColor>
            <scrollOffset>1</scrollOffset>
            <itemWidth>40</itemWidth>
            <itemHeight>30</itemHeight>
            <textureFocus>listcontrol_item_selected_small.png</textureFocus>
            <textureNoFocus>-</textureNoFocus>
            <IconXOff>45</IconXOff>
            <IconYOff>12</IconYOff>
            <textXOff>50</textXOff>
            <textXOff2>653</textXOff2>
            <textYOff2>12</textYOff2>
            <keepaspectratio>no</keepaspectratio>
            <spinCanFocus>no</spinCanFocus>
            <spinPosX>1832</spinPosX>
            <spinPosY>880</spinPosY>
            <spinAlign>right</spinAlign>
        </control>


        <control>
            <type>label</type>
            <description>Videoduration</description>
            <posX>55</posX>
            <posY>880</posY>
            <width>340</width>
            <label>#MyVideoRedo.Translation.Duration</label>
            <font>AvalonLight10</font>
            <align>left</align>
            <visible>!control.isvisible(46)+!window.isactive(1210)</visible>
            <animation effect="Fade" time="300">WindowOpen</animation>
            <animation effect="Fade" time="300">WindowClose</animation>
        </control>

        <control>
            <type>label</type>
            <description>Videoposition</description>
            <posX>420</posX>
            <posY>896</posY>
            <width>340</width>
            <label>#MyVideoRedo.Translation.Position</label>
            <font>AvalonLight10</font>
            <align>center</align>
            <visible>!control.isvisible(46)+!window.isactive(1210)</visible>
            <animation effect="Fade" time="300">WindowOpen</animation>
            <animation effect="Fade" time="300">WindowClose</animation>
        </control>

        <control>
            <type>label</type>
            <description>VIdeoTimeLeft</description>
            <posX>1115</posX>
            <posY>880</posY>
            <width>340</width>
            <label>#MyVideoRedo.Translation.</label>
            <font>AvalonLight10</font>
            <align>right</align>
            <visible>!control.isvisible(46)+!window.isactive(1210)</visible>
            <animation effect="Fade" time="300">WindowOpen</animation>
            <animation effect="Fade" time="300">WindowClose</animation>
        </control>


        <control>
            <type>button</type>
            <description>Make Cut</description>
            <id>4</id>
            <posX>55</posX>
            <posY>562</posY>
            <width>520</width>
            <height>58</height>
            <onleft>999</onleft>
            <onright>23</onright>
            <onup>999</onup>
            <ondown>46</ondown>
            <textureFocus>settings_button_medium_focus.png</textureFocus>
            <textureNoFocus>settings_button_medium_nofocus.png</textureNoFocus>
            <label>#MyVideoRedo.Translation.MakeCut</label>
            <textalign>CENTER</textalign>
            <textvalign>middle</textvalign>
            <visible>!window.isactive(1210)</visible>
            <animation effect="Fade" time="300">WindowOpen</animation>
            <animation effect="Fade" time="300">WindowClose</animation>
        </control>

        <control>
            <type>button</type>
            <description>Save Video</description>
            <id>23</id>
            <posX>590</posX>
            <posY>562</posY>
            <width>520</width>
            <height>58</height>
            <onleft>4</onleft>
            <onright>51</onright>
            <onup>23</onup>
            <ondown>46</ondown>
            <textureFocus>settings_button_medium_focus.png</textureFocus>
            <textureNoFocus>settings_button_medium_nofocus.png</textureNoFocus>
            <label>#MyVideoRedo.Translation.SaveVideo</label>
            <textalign>CENTER</textalign>
            <textvalign>middle</textvalign>
            <visible>!window.isactive(1210)</visible>
            <animation effect="Fade" time="300">WindowOpen</animation>
            <animation effect="Fade" time="300">WindowClose</animation>
        </control>

        <control>
            <type>button</type>
            <description>Tastenbelegung</description>
            <id>999</id>
            <posX>10</posX>
            <posY>420</posY>
            <width>150</width>
            <height>150</height>
            <textureFocus>osd_infobutton_focus.png</textureFocus>
            <textureNoFocus>osd_infobutton_nofocus.png</textureNoFocus>
            <onleft>4</onleft>
            <onright>4</onright>
            <onup>4</onup>
            <ondown>4</ondown>
            <label>-</label>
            <visible>!window.isvisible(1210)</visible>
            <animation effect="Fade" time="250">WindowOpen</animation>
            <animation effect="Fade" time="250">WindowClose</animation>
        </control>

        <control>
            <id>27</id>
            <description>Image Help</description>
            <type>image</type>
            <posX>205</posX>
            <posY>145</posY>
            <width>800</width>
            <height>400</height>
            <texture>redoRemote.png</texture>
            <visible>control.hasfocus(999)</visible>
        </control>

        <control>
            <id>13</id>
            <type>animation</type>
            <visible>false</visible>
            <posX>912</posX>
            <posY>492</posY>
            <width>96</width>
            <height>96</height>
            <textures>common.waiting.1.png;common.waiting.2.png;common.waiting.3.png;common.waiting.4.png;common.waiting.5.png;common.waiting.6.png;common.waiting.8.png</textures>
            <Duration>0:0:01.5</Duration>
        </control>


        <import>common.time.xml</import>

    </controls>
</window>