<?xml version="1.0" encoding="utf-8" standalone="yes"?>
<window>
    <id>1208</id>
    <defaultcontrol>10</defaultcontrol>
    <allowoverlay>no</allowoverlay>
    <define>#header.label:#currentmodule</define>
    <controls>
      <control>
            <description>BG</description>
            <type>image</type>
            <width>1920</width>
            <height>1080</height>
            <texture>background.png</texture>
      </control>
      
      <control>
            <id>0</id>
            <description>VIEWPORT</description>
            <type>image</type>
            <posX>10</posX>
            <posY>145</posY>
            <width>1903</width>
            <height>897</height>
            <texture>panel_tv.png</texture>
            <animation effect="Fade" time="250">WindowOpen</animation>
            <animation effect="Fade" time="250">WindowClose</animation>
      </control>
      
      <control>
            <type>image</type>
            <posX>66</posX>
            <posY>36</posY>
            <width>61</width>
            <height>57</height>
            <texture>hover_myvideoredo.png</texture>
            <animation effect="Fade" time="250">WindowOpen</animation>
            <animation effect="Fade" time="250">WindowClose</animation>
      </control>
		
      <import>common.time.xml</import>
		
      
      <control>
            <id>60</id>
            <description>dummy label</description>
            <type>label</type>
            <visible>false</visible>
            <posX>640</posX>
            <posY>-1000</posY>
            <label> </label>
      </control>
		
      <control>
            <id>10</id>
            <description>Recordings list</description>
            <type>listcontrol</type>
            <onleft>4</onleft>
            <onright>10</onright>
            <dimColor>ffffffff</dimColor>
            <posX>918</posX>
            <posY>219</posY>
            <width>943</width>
            <height>800</height>
            <animation effect="Fade" time="250">WindowOpen</animation>
            <animation effect="Fade" time="250">WindowClose</animation>
            <scrollOffset>1</scrollOffset>
            <itemWidth>40</itemWidth>
            <itemHeight>30</itemHeight>
            <textureFocus>listcontrol_item_selected_tv.png</textureFocus>
            <textureNoFocus>-</textureNoFocus>
            <IconXOff>32</IconXOff>
            <IconYOff>12</IconYOff>
            <textXOff>50</textXOff>
            <textXOff2>914</textXOff2>
            <keepaspectratio>no</keepaspectratio>
            <spinCanFocus>no</spinCanFocus>
            <spinPosX>1832</spinPosX>
            <spinPosY>950</spinPosY>
      </control>  
      
      <control Style="smallTitle">
            <description>Recording Titel</description>
            <type>fadelabel</type>
            <posX>510</posX>
            <posY>1015</posY>
            <label>#RecordingTitle</label>
            <animation effect="Fade" time="250">WindowOpen</animation>
            <animation effect="Fade" time="250">WindowClose</animation>
      </control>
		
      
      <control>
            <description>Recording Episode</description>
            <type>fadelabel</type>
            <visible>!control.isvisible(51)+!control.isvisible(60)</visible>
            <posX>100</posX>
            <posY>448</posY>
            <width>790</width>
            <font>TitanLight14</font>
            <label>#RecordingEpisodename</label>
            <animation effect="Fade" time="250">WindowOpen</animation>
            <animation effect="Fade" time="250">WindowClose</animation>
      </control>
      
      
      <control>
            <description>Recording Genre</description>
            <type>label</type>
            <visible>!control.isvisible(51)+!control.isvisible(60)</visible>
            <posX>100</posX>
            <posY>490</posY>
            <width>790</width>
            <font>TitanLight14</font>
            <label>#RecordingGenre</label>
            <animation effect="Fade" time="250">WindowOpen</animation>
            <animation effect="Fade" time="250">WindowClose</animation>
      </control>
      
      
      
      
      <control>
            <id>0</id>
	          <type>image</type>
            <description>Recording Image if no Series</description>
            <visible>!control.isvisible(51)+!control.isvisible(60)</visible>
            <posX>99</posX>
            <posY>226</posY>
            <width>335</width>
            <height>190</height>
            <texture>#RecordingImage</texture>
            <animation effect="Fade" time="250">WindowOpen</animation>
            <animation effect="Fade" time="250">WindowClose</animation>
      </control>
		
   
      <control>
            <id>4</id>
            <type>checkbutton</type>
	          <description>Is the file a movie or a series</description>
            <onleft>4</onleft>
            <onright>21</onright>
            <onup>10</onup>
            <ondown>4</ondown>
            <posX>80</posX>
            <posY>895</posY>
            <width>520</width>
            <align>LEFT</align>
	          <label>#MyVideoRedo.Translation.UseVideoAsSeries</label>
            <animation effect="Fade" time="250">WindowOpen</animation>
            <animation effect="Fade" time="250">WindowClose</animation>
        </control>
        
      
      
      <control>
            <id>21</id>
            <type>button</type>
            <onleft>4</onleft>
	          <description>Button CUT NOW</description>
            <onright>10</onright>
            <onup>10</onup>
            <ondown>21</ondown>
            <posX>610</posX>
            <posY>895</posY>
            <width>290</width>
            <textureFocus>settings_button_small_focus.png</textureFocus>
            <textureNoFocus>settings_button_small_nofocus.png</textureNoFocus>
            <textcolorNoFocus>ffffffff</textcolorNoFocus>
            <label>#MyVideoRedo.Translation.EditVideo</label>
            <textalign>CENTER</textalign>
            <animation effect="Fade" time="250">WindowOpen</animation>
            <animation effect="Fade" time="250">WindowClose</animation>
            <textvalign>middle</textvalign>
      </control>
		
			
      <control>
            <id>40</id>
            <description>Series list</description>
            <type>listcontrol</type>
            <width>790</width>
            <height>280</height>
            <onleft>4</onleft>
            <onright>10</onright>
            <visible>!control.isvisible(50)+control.isvisible(60)</visible>
            <posX>99</posX>
            <posY>590</posY> 
	          <dimColor>ffffffff</dimColor>
	          <textureFocus>listcontrol_item_selected_tv.png</textureFocus>
            <textureNoFocus>-</textureNoFocus>
            <spinWidth>40</spinWidth>
            <spinHeight>30</spinHeight>
            <spinPosX>110</spinPosX>
            <spinPosY>1010</spinPosY>
	          <IconXOff>5</IconXOff>
	          <IconYOff>5</IconYOff>
            <itemWidth>40</itemWidth>
            <itemHeight>40</itemHeight> 
	          <spinAlign>right</spinAlign>
            <spinCanFocus>yes</spinCanFocus>
      </control>
	
	    <control>
            <id>0</id>
            <type>image</type>
            <visible>!control.isvisible(50)+control.isvisible(60)</visible>
            <posX>88</posX>
            <posY>220</posY>
            <width>268</width>
            <height>358</height>
            <texture>list_poster_shadow.png</texture>
      </control>
       
      <control>
            <id>30</id>
            <description>Coverimage</description>
            <type>image</type>
            <visible>!control.isvisible(50)+control.isvisible(60)</visible>
            <posX>99</posX>
            <posY>226</posY>
            <width>237</width>
            <height>330</height>
            <texture>#Seriescover</texture>
      </control>
      
      
      <control Style="textBox">
            <id>32</id>
            <description>Summary</description>
            <type>textboxscrollup</type>
            <visible>!control.isvisible(50)+control.isvisible(60)</visible>
            <posX>375</posX>
            <posY>226</posY>
            <width>514</width>
            <height>330</height>
            <font>font11</font>
            <label>#MovingPictures.SelectedMovie.summary</label>
      </control>
		
      <control>
            <id>51</id>
            <type>animation</type>
            <visible>False</visible>
            <posX>630</posX>
            <posY>275</posY>
            <width>96</width>
            <height>96</height>
            <textures>common.waiting.1.png;common.waiting.2.png;common.waiting.3.png;common.waiting.4.png;common.waiting.5.png;common.waiting.6.png;common.waiting.8.png</textures>
            <Duration>0:0:01.5</Duration>
      </control>
      
      <control>
            <id>52</id>
            <type>animation</type>
            <visible>False</visible>
            <posX>630</posX>
            <posY>275</posY>
            <width>96</width>
            <height>96</height>
            <textures>common.waiting.1.png;common.waiting.2.png;common.waiting.3.png;common.waiting.4.png;common.waiting.5.png;common.waiting.6.png;common.waiting.8.png</textures>
            <Duration>0:0:01.5</Duration>
      </control>
    </controls>
</window>
