<?xml version="1.0" encoding="utf-8" standalone="yes"?>
<window>
    <id>1211</id>
    <defaultcontrol>11</defaultcontrol>
    <allowoverlay>no</allowoverlay>
    <define>#header.label:#currentmodule</define>
  <controls>

      <control>
        <description>BG</description>
        <type>image</type>
        <id>1</id>
        <texture>background.png</texture>
        <width>1920</width>
        <height>1080</height>
        <colordiffuse>90ffffff</colordiffuse>
      </control>


      <control>
        <description>background top overlay</description>
        <type>image</type>
        <id>1</id>
        <posX>0</posX>
        <posY>0</posY>
        <width>1920</width>
        <height>1080</height>
        <texture>overlay_top.png</texture>
        <colordiffuse>ccffffff</colordiffuse>
      </control>

      <import>common.time.xml</import>
      
      
	
      <control>
        <description>Background Cutlist</description>
        <type>image</type>
        <id>0</id>
        <texture>panel_large.png</texture>
        <posX>-480</posX>
        <posY>130</posY>
        <width>1300</width>
        <height>840</height>
        <animation effect="Fade" time="250">WindowOpen</animation>
        <animation effect="Fade" time="250">WindowClose</animation>
        <colordiffuse>90ffffff</colordiffuse>
      </control>
      <control>
        <description>listcontrol mit den Cuts</description>
        <type>listcontrol</type>
        <id>11</id>
        <dimColor>ffffffff</dimColor>
        <posX>10</posX>
        <posY>180</posY>
        <width>800</width>
        <height>800</height>
        <animation effect="Fade" time="250">WindowOpen</animation>
        <animation effect="Fade" time="250">WindowClose</animation>
        <scrollOffset>1</scrollOffset>
        <itemWidth>50</itemWidth>
        <itemHeight>40</itemHeight>
        <textureFocus>listcontrol_item_selected_tv.png</textureFocus>
        <textureNoFocus>listcontrol_item_selected_tv.png</textureNoFocus>
        <IconXOff>12</IconXOff>
        <IconYOff>12</IconYOff>
        <textXOff>20</textXOff>
        <textXOff2>334</textXOff2>
        <keepaspectratio>no</keepaspectratio>
        <spinCanFocus>no</spinCanFocus>
        <spinPosX>750</spinPosX>
        <spinPosY>930</spinPosY>
      </control>

    
    
        <!--Video speicherpfad Label und Textfeld-->
        <control>
          <id>0</id>
          <type>label</type>
          <posX>825</posX>
          <posY>160</posY>
          <width>420</width>
          <label>#MyVideoRedo.Translation.LabelSavePath</label>
          <font>font10</font>
          <textcolor>ff6FAFE1</textcolor>
        </control>

        <control>
          <id>21</id>
          <description>SavingPathLabel</description>
          <type>fadelabel</type>
          <posX>825</posX>
          <posY>200</posY>
          <width>620</width>
          <label>#Saving.Path</label>
          <font>font14</font>
        </control>
    
    
    

        <!--Neuer Dateiname - LAbel und Textfeld + Button-->
        <control>
		      <description>SavingName Label</description>
		      <id>0</id>
          <type>label</type>
          <posX>825</posX>
          <posY>266</posY>
		      <width>620</width>
          <label>#MyVideoRedo.Translation.NewFilename:</label>
		      <font>font10</font>
          <align>left</align>
          <textcolor>ff6FAFE1</textcolor>
        </control>
    
        <control>
		      <description>SavingName Value</description>
          <id>20</id>
          <type>fadelabel</type>
          <posX>825</posX>
          <posY>294</posY>
          <width>1500</width>
          <label>#Saving.Name</label>
        </control>
    
		    <control>
		      <description>ButtonChangeSaveName</description>
          <id>15</id>
          <type>button</type>
          <onleft>11</onleft>
          <onright>22</onright>
          <ondown>14</ondown>
          <width>200</width>
          <textvalign>middle</textvalign>
          <height>50</height>
		      <onup>15</onup>
          <posX>825</posX>
          <posY>328</posY>
          <label>6029</label>
          <textalign>CENTER</textalign>
        </control>
    
    
    
        <!--Speicherprofil LAbel und Textfeld + Button-->
        <control>
		      <description>SavingProfile Label</description>
          <id>0</id>
          <type>label</type>
          <posX>825</posX>
          <posY>480</posY>
		      <width>620</width>
          <label>#MyVideoRedo.Translation.SavingProfile:</label>
		      <font>font10</font>
          <align>left</align>
          <textcolor>ff6FAFE1</textcolor>
        </control>
		    <control>
		      <description>SavingProfile Value</description>
          <id>0</id>
          <type>label</type>
          <posX>1100</posX>
          <posY>480</posY>
		      <width>620</width>
          <label>#Saving.Profile</label>
          <font>font10</font>
          <align>left</align>
        </control>
    <control>
      <description>SavingEncodingtype Label</description>
      <id>0</id>
      <type>label</type>
      <posX>825</posX>
      <posY>510</posY>
      <width>380</width>
      <label>#MyVideoRedo.Translation.Encodingtype</label>
      <font>font10</font>
      <align>left</align>
      <textcolor>ff6FAFE1</textcolor>
    </control>
    <control>
      <description>SavingEncodingtype Value</description>
      <id>0</id>
      <type>label</type>
      <posX>1100</posX>
      <posY>510</posY>
      <width>380</width>
      <label>#Profile.Encodingtype</label>
      <font>font10</font>
      <align>left</align>
    </control>
    <control>
      <description>SavingFiletype Label</description>
      <id>0</id>
      <type>label</type>
      <posX>825</posX>
      <posY>540</posY>
      <width>380</width>
      <label>#MyVideoRedo.Translation.Filetype</label>
      <font>font10</font>
      <align>left</align>
      <textcolor>ff6FAFE1</textcolor>
    </control>
    <control>
      <description>SavingFiletype Value</description>
      <id>0</id>
      <type>label</type>
      <posX>1100</posX>
      <posY>540</posY>
      <width>380</width>
      <label>#Profile.Filetype</label>
      <font>font10</font>
      <align>left</align>
    </control>
    <control>
      <description>SavingResolution Label</description>
      <id>0</id>
      <type>label</type>
      <posX>825</posX>
      <posY>570</posY>
      <width>380</width>
      <label>#MyVideoRedo.Translation.Resolution</label>
      <font>font10</font>
      <align>left</align>
      <textcolor>ff6FAFE1</textcolor>
    </control>
    <control>
      <description>SavingResolution Value</description>
      <id>0</id>
      <type>label</type>
      <posX>1100</posX>
      <posY>570</posY>
      <width>380</width>
      <label>#Profile.Resolution</label>
      <font>font10</font>
      <align>left</align>
    </control>
    <control>
      <description>SavingRatio Label</description>
      <id>0</id>
      <type>label</type>
      <posX>825</posX>
      <posY>600</posY>
      <width>380</width>
      <label>#MyVideoRedo.Translation.Ratio</label>
      <font>font10</font>
      <align>left</align>
      <textcolor>ff6FAFE1</textcolor>
    </control>
    <control>
      <description>SavingRatio Value</description>
      <id>0</id>
      <type>label</type>
      <posX>1100</posX>
      <posY>600</posY>
      <width>380</width>
      <label>#Profile.Ratio</label>
      <font>font10</font>
      <align>left</align>
    </control>
    <control>
      <description>SavingDeInterlacemode Label</description>
      <id>0</id>
      <type>label</type>
      <posX>825</posX>
      <posY>630</posY>
      <width>380</width>
      <label>#MyVideoRedo.Translation.Deinterlacemode</label>
      <font>font10</font>
      <align>left</align>
      <textcolor>ff6FAFE1</textcolor>
    </control>
    <control>
      <description>SavingDeInterlacemode Value</description>
      <id>0</id>
      <type>label</type>
      <posX>1100</posX>
      <posY>630</posY>
      <width>380</width>
      <label>#Profile.Deinterlacemode</label>
      <font>font10</font>
      <align>left</align>
    </control>
    <control>
      <description>SavingFramerate Label</description>
      <id>0</id>
      <type>label</type>
      <posX>825</posX>
      <posY>660</posY>
      <width>380</width>
      <label>#MyVideoRedo.Translation.Framerate</label>
      <font>font10</font>
      <align>left</align>
      <textcolor>ff6FAFE1</textcolor>
    </control>
    <control>
      <description>SavingFramerate Value</description>
      <id>0</id>
      <type>label</type>
      <posX>1100</posX>
      <posY>660</posY>
      <width>380</width>
      <label>#Profile.Framerate</label>
      <font>font10</font>
      <align>left</align>
    </control>
    
    
    
        <control>
		      <description>ButtonChangeProfile</description>
          <id>14</id>
          <type>button</type>
          <onleft>11</onleft>
          <onright>22</onright>
          <onup>15</onup>
          <ondown>16</ondown>
          <posX>825</posX>
          <posY>430</posY>
          <label>6029</label>
          <width>200</width>
          <textvalign>middle</textvalign>
          <height>50</height>
          <textalign>CENTER</textalign>
        </control>
    
    
    
  
    
    
    
    
        <!--Savebutton-->
        <control>
		      <description>SaveButton</description>
          <id>16</id>
          <type>button</type>
          <onleft>11</onleft>
		      <onright>22</onright>
          <onup>14</onup>
	        <ondown>16</ondown>
          <posX>825</posX>
          <posY>900</posY>
          <label>#MyVideoRedo.Translation.SaveVideo</label>
          <width>300</width>
          <textvalign>middle</textvalign>
          <height>50</height>
          <textalign>CENTER</textalign>
        </control>
    
    
    </controls>
</window>
