<?xml version="1.0" encoding="utf-8" standalone="yes"?>
<window>
    <id>1210</id>
    <defaultcontrol>13</defaultcontrol>
    <allowoverlay>no</allowoverlay>
    <define>#header.label:#currentmodule</define>
    <controls>

        <control>
            <id>1</id>
            <description>BG</description>
            <type>image</type>
            <width>1920</width>
            <height>1080</height>
            <texture>semi_trans_back_general_menu.png</texture>
        </control>

        <control>
            <id>0</id>
            <type>image</type>
            <posX>441</posX>
            <posY>296</posY>
            <width>1040</width>
            <height>679</height>
            <texture>context_background.png</texture>
        </control>

        <control>
            <id>0</id>
            <description>GFX-Heading "menu" text label</description>
            <type>label</type>
            <posX>560</posX>
            <posY>386</posY>
            <width>800</width>
            <font>font22</font>
            <textcolor>ff393939</textcolor>
            <label>Profile: #ProfileTmp.Name   </label>
        </control>

        <control>
            <type>label</type>
            <posX>535</posX>
            <posY>490</posY>
            <font>AvalonLight12</font>
            <textcolor>ff393939</textcolor>
            <label>#MyVideoRedo.Translation.Encodingtype</label>
        </control>

        <control>
            <type>label</type>
            <posX>535</posX>
            <posY>540</posY>
            <font>AvalonLight12</font>
            <textcolor>ff393939</textcolor>
            <label>#MyVideoRedo.Translation.Filetype</label>
        </control>

        <control>
            <type>label</type>
            <posX>535</posX>
            <posY>590</posY>
            <font>AvalonLight12</font>
            <textcolor>ff393939</textcolor>
            <label>#MyVideoRedo.Translation.Resolution</label>
        </control>

        <control>
            <type>label</type>
            <posX>535</posX>
            <posY>640</posY>
            <font>AvalonLight12</font>
            <textcolor>ff393939</textcolor>
            <label>#MyVideoRedo.Translation.Ratio</label>
        </control>

        <control>
            <type>label</type>
            <posX>535</posX>
            <posY>690</posY>
            <font>AvalonLight12</font>
            <textcolor>ff393939</textcolor>
            <label>#MyVideoRedo.Translation.Deinterlacemode</label>
        </control>

        <control>
            <type>label</type>
            <posX>535</posX>
            <posY>740</posY>
            <font>AvalonLight12</font>
            <textcolor>ff393939</textcolor>
            <label>#MyVideoRedo.Translation.Framerate</label>
        </control>

        <control>
            <type>fadelabel</type>
            <posX>1385</posX>
            <posY>490</posY>
            <width>442</width>
            <font>AvalonLight12</font>
            <textcolor>ff6fafe1</textcolor>
            <align>RIGHT</align>
            <label>#ProfileTmp.Encodingtype</label>
        </control>

        <control>
            <type>fadelabel</type>
            <posX>1385</posX>
            <posY>540</posY>
            <width>443</width>
            <font>AvalonLight12</font>
            <textcolor>ff6fafe1</textcolor>
            <align>RIGHT</align>
            <label>#ProfileTmp.Filetype</label>
        </control>

        <control>
            <type>fadelabel</type>
            <posX>1385</posX>
            <posY>590</posY>
            <width>443</width>
            <font>AvalonLight12</font>
            <textcolor>ff6fafe1</textcolor>
            <align>RIGHT</align>
            <label>#ProfileTmp.Resolution</label>
        </control>

        <control>
            <type>fadelabel</type>
            <posX>1387</posX>
            <posY>640</posY>
            <width>445</width>
            <font>AvalonLight12</font>
            <textcolor>ff6fafe1</textcolor>
            <align>RIGHT</align>
            <label>#ProfileTmp.Ratio</label>
        </control>

        <control>
            <type>fadelabel</type>
            <posX>1385</posX>
            <posY>690</posY>
            <width>445</width>
            <font>AvalonLight12</font>
            <textcolor>ff6fafe1</textcolor>
            <align>RIGHT</align>
            <label>#ProfileTmp.Deinterlacemode</label>
        </control>

        <control>
            <type>fadelabel</type>
            <posX>1385</posX>
            <posY>740</posY>
            <width>443</width>
            <font>AvalonLight12</font>
            <textcolor>ff6fafe1</textcolor>
            <align>RIGHT</align>
            <label>#ProfileTmp.Framerate</label>
        </control>


        <control>
            <id>13</id>
            <type>button</type>
            <onleft>12</onleft>
            <onright>12</onright>
            <onup>13</onup>
            <ondown>13</ondown>
            <posX>535</posX>
            <posY>810</posY>
            <width>410</width>
            <height>58</height>
            <textureFocus>settings_button_medium_focus.png</textureFocus>
            <textureNoFocus>settings_button_medium_nofocus.png</textureNoFocus>
            <label>506</label>
            <textalign>CENTER</textalign>
            <textvalign>middle</textvalign>
        </control>

        <control>
            <id>12</id>
            <type>button</type>
            <onleft>13</onleft>
            <onright>13</onright>
            <onup>12</onup>
            <ondown>12</ondown>
            <posX>977</posX>
            <posY>810</posY>
            <width>410</width>
            <height>58</height>
            <textureFocus>settings_button_medium_focus.png</textureFocus>
            <textureNoFocus>settings_button_medium_nofocus.png</textureNoFocus>
            <label>510</label>
            <textalign>CENTER</textalign>
            <textvalign>middle</textvalign>
        </control>

    </controls>
</window>
