<?xml version="1.0" encoding="utf-8" standalone="yes"?>
<window>
    <id>1210</id>
    <defaultcontrol>11</defaultcontrol>
    <allowoverlay>no</allowoverlay>
    <define>#header.label:#currentmodule</define>
	<controls>

		<control>
            <id>1</id>
            <description>BG</description>
            <type>image</type>
            <width>1920</width>
            <height>1080</height>
            <texture>background.png</texture>
		</control>
	  
		<control>
            <id>1</id>
            <description>Overlay</description>
            <type>image</type>
			<width>1920</width>
            <height>1080</height>
            <texture>overlay_long.png</texture>
		</control>
	  
		<control>
            <id>1</id>
            <description>background for list</description>
            <type>image</type>
            <posX>1</posX>
            <posY>92</posY>
            <width>1893</width>
            <height>795</height>
            <texture>viewport_thumbs.png</texture>
		</control>
		
		<control>
            <id>0</id>
            <description>RSS background</description>
            <type>image</type>
            <posX>0</posX>
            <posY>828</posY>
            <width>1865</width>
            <height>96</height>
            <texture>basichome_rss_bg.png</texture>
        </control>
		
		
		<control>
            <id>1</id>
            <type>label</type>
            <posX>185</posX>
            <posY>38</posY>
            <width>500</width>
            <font>font22</font>
            <textcolor>ff6aa5cb</textcolor>
            <label>MyVideoReDo</label>
            <animation effect="Fade" time="300">WindowOpen</animation>
            <animation effect="Fade" time="300">WindowClose</animation>
        </control>

      
		<control>
			<id>11</id>
			<description>Speicherpfad</description>
			<type>listcontrol</type>
			<posX>680</posX>
			<posY>160</posY>
			<width>1170</width>
			<height>725</height>
			<animation effect="Fade" time="300">WindowOpen</animation>
			<animation effect="Fade" time="300">WindowClose</animation>
			<dimColor>ffffffff</dimColor>
			<scrollOffset>1</scrollOffset>
			<itemWidth>40</itemWidth>
			<itemHeight>30</itemHeight>
			<textureFocus>listcontrol_item_selected_small.png</textureFocus>
			<textureNoFocus>-</textureNoFocus>
			<IconXOff>45</IconXOff>
			<IconYOff>12</IconYOff>
			<textXOff>50</textXOff>
			<textXOff2>1139</textXOff2>
			<textYOff2>12</textYOff2>
			<keepaspectratio>no</keepaspectratio>
			<spinCanFocus>no</spinCanFocus>
			<spinPosX>1832</spinPosX>
            <spinPosY>880</spinPosY>
			<spinAlign>right</spinAlign>
		</control>

    
        <!--Video speicherpfad Label und Textfeld-->
        <control>
			<id>0</id>
			<type>label</type>
			<posX>55</posX>
			<posY>169</posY>
			<width>575</width>
			<label>#MyVideoRedo.Translation.LabelSavePath</label>
			<font>AvalonLight11</font>
			<textcolor>FF6AA5CB</textcolor>
			<animation effect="Fade" time="300">WindowOpen</animation>
			<animation effect="Fade" time="300">WindowClose</animation>
        </control>

        <control>
			<id>21</id>
			<description>SavingPathLabel</description>
			<type>fadelabel</type>
			<posX>55</posX>
			<posY>199</posY>
			<width>575</width>
			<label>#Saving.Path</label>
			<animation effect="Fade" time="300">WindowOpen</animation>
			<animation effect="Fade" time="300">WindowClose</animation>
        </control>
    

        <!--Neuer Dateiname - LAbel und Textfeld + Button-->
        <control>
		    <description>SavingName Label</description>
		    <id>0</id>
			<type>label</type>
			<posX>55</posX>
			<posY>255</posY>
		    <width>575</width>
			<label>#MyVideoRedo.Translation.NewFilename:</label>
		    <font>AvalonLight11</font>
			<align>left</align>
			<textcolor>FF6AA5CB</textcolor>
			<animation effect="Fade" time="300">WindowOpen</animation>
			<animation effect="Fade" time="300">WindowClose</animation>
        </control>
    
        <control>
		    <description>SavingName Value</description>
			<id>20</id>
			<type>fadelabel</type>
			<posX>55</posX>
			<posY>285</posY>
			<width>575</width>
			<label>#Saving.Name</label>
			<animation effect="Fade" time="300">WindowOpen</animation>
			<animation effect="Fade" time="300">WindowClose</animation>
        </control>
    
		<control>
			<description>ButtonChangeSaveName</description>
			<id>15</id>
			<type>button</type>
			<onleft>16</onleft>
			<onright>11</onright>
		    <onup>16</onup>
			<ondown>14</ondown>
			<width>575</width>
			<height>58</height>
			<posX>55</posX>
			<posY>330</posY>
			<textureFocus>settings_button_medium_focus.png</textureFocus>
			<textureNoFocus>settings_button_medium_nofocus.png</textureNoFocus>
			<label>6029</label>
			<textalign>CENTER</textalign>
			<textvalign>middle</textvalign>
			<animation effect="Fade" time="300">WindowOpen</animation>
			<animation effect="Fade" time="300">WindowClose</animation>
        </control>
    
    
        <!--Speicherprofil LAbel und Textfeld + Button-->
        <control>
		    <description>SavingProfile Label</description>
			<id>0</id>
			<type>label</type>
			<posX>55</posX>
			<posY>425</posY>
		    <width>575</width>
			<label>#MyVideoRedo.Translation.SavingProfile:</label>
		    <font>AvalonLight11</font>
			<align>left</align>
			<textcolor>FF6AA5CB</textcolor>
			<animation effect="Fade" time="300">WindowOpen</animation>
			<animation effect="Fade" time="300">WindowClose</animation>
        </control>
    
		<control>
		    <description>SavingProfile Value</description>
			<id>0</id>
			<type>label</type>
			<posX>55</posX>
			<posY>455</posY>
		    <width>575</width>
			<label>#Saving.Profile</label>
			<animation effect="Fade" time="300">WindowOpen</animation>
			<animation effect="Fade" time="300">WindowClose</animation>
        </control>
   
        <control>
		    <description>ButtonChangeProfile</description>
			<id>14</id>
			<type>button</type>
			<onleft>16</onleft>
			<onright>11</onright>
			<onup>15</onup>
			<ondown>16</ondown>
			<posX>55</posX>
			<posY>500</posY>
			<label>6029</label>
			<width>575</width>
			<height>58</height>
			<textureFocus>settings_button_medium_focus.png</textureFocus>
			<textureNoFocus>settings_button_medium_nofocus.png</textureNoFocus>
			<textvalign>middle</textvalign>
			<textalign>CENTER</textalign>
			<animation effect="Fade" time="300">WindowOpen</animation>
			<animation effect="Fade" time="300">WindowClose</animation>
        </control>
    
    
        <!--Die Savingcontrols 3 x Label + Progressbar und Cancelbutton-->
		<control>
			<id>12</id>
			<description>SavingStatus Label</description>
			<type>label</type>
			<posX>55</posX>
			<posY>595</posY>
			<width>575</width>
			<label>#MyVideoRedo.Translation.SaveCuttedVideo</label>
		    <font>AvalonLight11</font>
			<align>left</align>
			<textcolor>FF6AA5CB</textcolor>
			<visible>False</visible>
			<animation effect="Fade" time="300">WindowOpen</animation>
			<animation effect="Fade" time="300">WindowClose</animation>
        </control>
		
        <control>
			<description>SavingProgress1</description>
		    <id>0</id>
			<type>label</type>
			<posX>55</posX>
			<posY>630</posY>
			<width>575</width>
			<label>#Saving.Progress.Label1</label>
		    <visible>control.isvisible(12)</visible>
        </control>
 
        <control>
			<description>SavingProgress2</description>
		    <id>0</id>
			<type>label</type>
			<posX>55</posX>
			<posY>665</posY>
			<width>575</width>
			<label>#Saving.Progress.Label2</label>
		    <visible>control.isvisible(12)</visible>
        </control>
	
        <control>
			<id>13</id>
			<description>SavingProgressbar</description>
			<type>progress</type>
			<posX>45</posX>
			<posY>700</posY>
			<width>600</width>
			<height>53</height>
		    <visible>control.isvisible(12)</visible>
        </control>
	
    
		<!--Savebutton - Nur sichtbar wenn nicht gespeichert wird-->
        <control>
		    <description>SaveButton</description>
			<id>16</id>
			<type>button</type>
			<onleft>22</onleft>
		    <onright>22</onright>
			<onup>14</onup>
	        <ondown>22</ondown>
			<posX>55</posX>
			<posY>755</posY>
			<label>#MyVideoRedo.Translation.SaveVideo</label>
			<width>575</width>
			<height>58</height>
			<textureFocus>settings_button_medium_focus.png</textureFocus>
			<textureNoFocus>settings_button_medium_nofocus.png</textureNoFocus>
			<textvalign>middle</textvalign>
			<textalign>CENTER</textalign>
		    <visible>!control.isvisible(12)</visible>
			<animation effect="Fade" time="300">WindowOpen</animation>
			<animation effect="Fade" time="300">WindowClose</animation>
        </control>
		
		
        <control>
		    <description>Cancel Button</description>
			<id>22</id>
			<type>button</type>
			<onleft>22</onleft>
		    <onright>22</onright>
			<onup>22</onup>
		    <ondown>22</ondown>
			<posX>55</posX>
			<posY>755</posY>
			<label>510</label>
			<width>575</width>
			<height>58</height>
			<textureFocus>settings_button_medium_focus.png</textureFocus>
			<textureNoFocus>settings_button_medium_nofocus.png</textureNoFocus>
			<textvalign>middle</textvalign>
			<textalign>CENTER</textalign>
		    <visible>control.isvisible(12)</visible>
        </control>
		
		
        <!--control>
			<id>52</id>
			<type>animation</type>
			<posX>912</posX>
			<posY>492</posY>
			<width>96</width>
			<height>96</height>
			<textures>common.waiting.1.png;common.waiting.2.png;common.waiting.3.png;common.waiting.4.png;common.waiting.5.png;common.waiting.6.png;common.waiting.8.png</textures>
			<Duration>0:0:01.5</Duration>
		    <visible>control.isvisible(12)</visible>
        </control-->

		
		<import>common.time.xml</import>
		
    
    </controls>
</window>
