<?xml version="1.0" encoding="utf-8" standalone="yes"?>
<window>
    <id>1208</id>
    <defaultcontrol>10</defaultcontrol>
    <allowoverlay>no</allowoverlay>
    <define>#header.label:#currentmodule</define>
    <controls>
      
      
      
      <control>
            <id>1</id>
            <description>BG</description>
            <type>image</type>
            <width>1920</width>
            <height>1080</height>
            <texture>background.png</texture>
      </control>
      
      <control>
            <id>0</id>
            <description>VIEWPORT</description>
            <type>image</type>
            <posX>10</posX>
            <posY>145</posY>
            <width>1903</width>
            <height>897</height>
            <texture>panel_tv.png</texture>
            <animation effect="Fade" time="250">WindowOpen</animation>
            <animation effect="Fade" time="250">WindowClose</animation>
      </control>
      
      <control>
            <id>0</id>
            <type>image</type>
            <posX>66</posX>
            <posY>42</posY>
            <width>61</width>
            <height>57</height>
            <texture>icon_myvideoredo.png</texture>
            <animation effect="Fade" time="250">WindowOpen</animation>
            <animation effect="Fade" time="250">WindowClose</animation>
      </control>
		
      <import>common.time.xml</import>
		
      
      <control>
            <id>60</id>
            <description>dummy label</description>
            <type>label</type>
            <visible>false</visible>
            <posX>640</posX>
            <posY>-1000</posY>
            <label> </label>
      </control>
		
      <control>
            <id>10</id>
            <description>Recordings list</description>
            <type>listcontrol</type>
            <onleft>4</onleft>
            <onright>10</onright>
            <dimColor>ffffffff</dimColor>
            <posX>918</posX>
            <posY>219</posY>
            <width>943</width>
            <height>800</height>
            <animation effect="Fade" time="250">WindowOpen</animation>
            <animation effect="Fade" time="250">WindowClose</animation>
            <scrollOffset>1</scrollOffset>
            <itemWidth>40</itemWidth>
            <itemHeight>30</itemHeight>
            <textureFocus>listcontrol_item_selected_tv.png</textureFocus>
            <textureNoFocus>-</textureNoFocus>
            <IconXOff>32</IconXOff>
            <IconYOff>12</IconYOff>
            <textXOff>50</textXOff>
            <textXOff2>914</textXOff2>
            <keepaspectratio>no</keepaspectratio>
            <spinCanFocus>no</spinCanFocus>
            <spinPosX>1845</spinPosX>
            <spinPosY>998</spinPosY>
			<spinAlign>right</spinAlign>
      </control>
      
      
      
      
      <control Style="smallTitle">
            <id>11</id>
            <description>Recording Titel</description>
            <type>fadelabel</type>
            <posX>510</posX>
            <posY>1015</posY>
            <label>#RecordingTitle</label>
            <animation effect="Fade" time="250">WindowOpen</animation>
            <animation effect="Fade" time="250">WindowClose</animation>
      </control>
		
      
      <control>
            <id>16</id>
            <description>Recording Episode</description>
            <type>label</type>
            <visible>!control.isvisible(51)+!control.isvisible(60)</visible>
            <posX>90</posX>
            <posY>448</posY>
            <width>800</width>
            <font>TitanLight14</font>
            <label>#RecordingEpisodename</label>
            <animation effect="Fade" time="250">WindowOpen</animation>
            <animation effect="Fade" time="250">WindowClose</animation>
      </control>
      
      
      <control>
            <id>12</id>
            <description>Recording Genre</description>
            <type>label</type>
            <visible>!control.isvisible(51)+!control.isvisible(60)</visible>
            <posX>90</posX>
            <posY>490</posY>
            <width>800</width>
            <font>TitanLight14</font>
            <label>#RecordingGenre</label>
            <animation effect="Fade" time="250">WindowOpen</animation>
            <animation effect="Fade" time="250">WindowClose</animation>
      </control>
      
      
      
      
      <control>
            <id>0</id>
	         <type>image</type>
            <description>Recording Image if no Series</description>
            <visible>!control.isvisible(51)+!control.isvisible(60)</visible>
            <posX>89</posX>
            <posY>226</posY>
            <width>335</width>
            <height>190</height>
            <texture>#RecordingImage</texture>
            <animation effect="Fade" time="250">WindowOpen</animation>
            <animation effect="Fade" time="250">WindowClose</animation>
      </control>
		
       
      <control>
            <id>0</id>
            <type>image</type>
            <visible>control.hasfocus(4)+[!control.isvisible(51)+!control.isvisible(60)]</visible>
            <posX>89</posX>
            <posY>895</posY>
            <width>500</width>
            <height>58</height>
            <texture>settings_button_medium_focus.png</texture>
            <animation effect="Fade" time="250">WindowOpen</animation>
            <animation effect="Fade" time="250">WindowClose</animation>
      </control>
        
      
	  <!--<control>
            <id>0</id>
            <type>button</type>
            <onleft>4</onleft>
	        <description>Is the file a movie or a series background</description>
            <onright>10</onright>
            <onup>10</onup>
            <ondown>21</ondown>
            <posX>90</posX>
            <posY>895</posY>
            <width>500</width>
            <textureFocus>settings_button_medium_nofocus.png</textureFocus>
            <textureNoFocus>settings_button_medium_nofocus.png</textureNoFocus>
			<visible>control.isvisible(21)</visible>
            <animation effect="Fade" time="250">WindowOpen</animation>
            <animation effect="Fade" time="250">WindowClose</animation>
      </control>
	  
	  
	  	  <control>
            <id>0</id>
            <type>button</type>
            <onleft>4</onleft>
	        <description>Is the file a movie or a series background</description>
            <onright>10</onright>
            <onup>10</onup>
            <ondown>21</ondown>
            <posX>90</posX>
            <posY>895</posY>
            <width>500</width>
            <textureFocus>settings_button_medium_focus.png</textureFocus>
            <textureNoFocus>settings_button_medium_focus.png</textureNoFocus>
			<visible>control.hasfocus(4)</visible>
            <animation effect="Fade" time="250">WindowOpen</animation>
            <animation effect="Fade" time="250">WindowClose</animation>
      </control>-->
	  
	  
      <control>
            <id>4</id>
            <type>checkbutton</type>
	        <description>Is the file a movie or a series</description>
            <onleft>40</onleft>
            <onright>21</onright>
            <posX>100</posX>
            <posY>895</posY>
            <width>450</width>
            <disabledcolor>ffffffff</disabledcolor>
            <align>LEFT</align>
	        <label>#MyVideoRedo.Translation.UseVideoAsSeries</label>
            <animation effect="Fade" time="250">WindowOpen</animation>
            <animation effect="Fade" time="250">WindowClose</animation>
      </control>
        
      
      <control>
            <id>21</id>
            <type>button</type>
            <onleft>4</onleft>
	        <description>Button CUT NOW</description>
            <onright>40</onright>
            <posX>620</posX>
            <posY>895</posY>
            <width>265</width>
            <textureFocus>settings_button_small_focus.png</textureFocus>
            <textureNoFocus>settings_button_small_nofocus.png</textureNoFocus>
            <textcolorNoFocus>ffffffff</textcolorNoFocus>
            <label>#MyVideoRedo.Translation.EditVideo</label>
            <textalign>CENTER</textalign>
			<textvalign>middle</textvalign>
            <animation effect="Fade" time="250">WindowOpen</animation>
            <animation effect="Fade" time="250">WindowClose</animation>
      </control>
		
			
      <control>
            <id>40</id>
            <description>Series list</description>
            <type>listcontrol</type>
            <posX>88</posX>
            <posY>590</posY> 
            <width>800</width>
            <height>325</height>
            <onleft>21</onleft>
            <onright>4</onright>
            <visible>!control.isvisible(50)+control.isvisible(60)</visible>
	        <dimColor>ffffffff</dimColor>
            <itemWidth>35</itemWidth>
            <itemHeight>35</itemHeight> 
	        <textureFocus>listcontrol_item_selected_tv.png</textureFocus>
            <textureNoFocus>-</textureNoFocus>
			<IconXOff>10</IconXOff>
	        <IconYOff>10</IconYOff>
			<textXOff>5</textXOff>
			<textXOff2>800</textXOff2>
			<textalign2>right</textalign2>
            <spinPosX>92</spinPosX>
            <spinPosY>998</spinPosY>
	        <spinAlign>left</spinAlign>
            <spinCanFocus>no</spinCanFocus>
      </control>
	




	  <control>
            <id>0</id>
            <type>image</type>
            <visible>!control.isvisible(50)+control.isvisible(60)</visible>
            <posX>78</posX>
            <posY>220</posY>
            <width>268</width>
            <height>358</height>
            <texture>list_poster_shadow.png</texture>
      </control>
       
      <control>
            <id>30</id>
            <description>Coverimage</description>
            <type>image</type>
            <visible>!control.isvisible(50)+control.isvisible(60)</visible>
            <posX>90</posX>
            <posY>226</posY>
            <width>237</width>
            <height>330</height>
            <texture>#Seriescover</texture>
      </control>
      
      
      <control Style="textBox">
            <id>32</id>
            <description>Summary</description>
            <type>textboxscrollup</type>
            <visible>!control.isvisible(50)+control.isvisible(60)</visible>
            <posX>360</posX>
            <posY>226</posY>
            <width>540</width>
            <height>330</height>
            <font>font11</font>
            <label>#MovingPictures.SelectedMovie.summary</label>
      </control>
		
      <control>
            <id>51</id>
            <type>animation</type>
            <visible>False</visible>
            <posX>912</posX>
            <posY>492</posY>
            <width>96</width>
            <height>96</height>
            <textures>common.waiting.1.png;common.waiting.2.png;common.waiting.3.png;common.waiting.4.png;common.waiting.5.png;common.waiting.6.png;common.waiting.8.png</textures>
            <Duration>0:0:01.5</Duration>
      </control>
      
      <control>
            <id>52</id>
            <type>animation</type>
            <visible>False</visible>
            <posX>912</posX>
            <posY>492</posY>
            <width>96</width>
            <height>96</height>
            <textures>common.waiting.1.png;common.waiting.2.png;common.waiting.3.png;common.waiting.4.png;common.waiting.5.png;common.waiting.6.png;common.waiting.8.png</textures>
            <Duration>0:0:01.5</Duration>
      </control>
		
      <control>
            <id>31</id>
            <type>label</type>
            <visible>False</visible>
            <posX>0</posX>
            <posY>-1000</posY>
            <label>#NewSeriesName</label>
      </control>
      
      <control>
            <id>31</id>
            <type>label</type>
            <visible>False</visible>
            <posX>0</posX>
            <posY>-1000</posY>
            <label>#MyVideoRedo.Translation.IdentifiedEpisode</label>
      </control>
      
      <control>
            <id>17</id>
            <description>For Debugging Only</description>
            <type>label</type>
            <visible>False</visible>
            <posX>0</posX>
            <posY>-1000</posY>
            <label>#RecordingNewFilename</label>
      </control>
    </controls>
</window>
