<?xml version="1.0" encoding="utf-8" standalone="yes"?>
<window>
    <id>1210</id>
    <defaultcontrol>11</defaultcontrol>
    <allowoverlay>no</allowoverlay>
    <define>#header.label:#currentmodule</define>
	<controls>

		<control>
			<description>BG</description>
			<type>image</type>
			<id>1</id>
			<texture>background.png</texture>
			<width>1920</width>
			<height>1080</height>
		</control>
      
		<control>
            <id>0</id>
            <description>VIEWPORT</description>
            <type>image</type>
            <posX>10</posX>
            <posY>145</posY>
            <width>1903</width>
            <height>897</height>
            <texture>panel_tv.png</texture>
            <animation effect="Fade" time="250">WindowOpen</animation>
            <animation effect="Fade" time="250">WindowClose</animation>
		</control>
      
		<control>
            <id>0</id>
            <type>image</type>
            <posX>66</posX>
            <posY>42</posY>
            <width>61</width>
            <height>57</height>
            <texture>icon_myvideoredo.png</texture>
            <animation effect="Fade" time="250">WindowOpen</animation>
            <animation effect="Fade" time="250">WindowClose</animation>
		</control>

		<import>common.time.xml</import>
      
		<control>
			<description>listcontrol mit den Cuts</description>
			<type>listcontrol</type>
			<id>11</id>
			<dimColor>ffffffff</dimColor>
			<posX>918</posX>
			<posY>219</posY>
			<width>943</width>
			<height>800</height>
			<animation effect="Fade" time="250">WindowOpen</animation>
			<animation effect="Fade" time="250">WindowClose</animation>
			<scrollOffset>1</scrollOffset>
			<itemWidth>40</itemWidth>
			<itemHeight>30</itemHeight>
			<textureFocus>listcontrol_item_selected_tv.png</textureFocus>
			<textureNoFocus>-</textureNoFocus>
			<IconXOff>32</IconXOff>
			<IconYOff>12</IconYOff>
			<textXOff>50</textXOff>
			<textXOff2>914</textXOff2>
			<keepaspectratio>no</keepaspectratio>
			<spinCanFocus>no</spinCanFocus>
			<spinPosX>1845</spinPosX>
      <spinPosY>998</spinPosY>
			<spinAlign>right</spinAlign>
		</control>

    
        <!--Video speicherpfad Label und Textfeld-->
     <control>
			<id>0</id>
			<type>label</type>
			<posX>90</posX>
			<posY>220</posY>
			<width>790</width>
			<label>#MyVideoRedo.Translation.LabelSavePath</label>
			<font>font10</font>
			<textcolor>ff6FAFE1</textcolor>
			<animation effect="Fade" time="250">WindowOpen</animation>
			<animation effect="Fade" time="250">WindowClose</animation>
     </control>

     <control>
			<id>21</id>
			<description>SavingPathLabel</description>
			<type>fadelabel</type>
			<posX>90</posX>
			<posY>250</posY>
			<width>790</width>
			<label>#Saving.Path</label>
			<font>font14</font>
			<animation effect="Fade" time="250">WindowOpen</animation>
			<animation effect="Fade" time="250">WindowClose</animation>
     </control>
    

     <!--Neuer Dateiname - Label und Textfeld + Button-->
     <control>
		  <description>SavingName Label</description>
		  <id>0</id>
			<type>label</type>
			<posX>90</posX>
			<posY>315</posY>
		  <width>790</width>
			<label>#MyVideoRedo.Translation.NewFilename:</label>
		  <font>font10</font>
			<align>left</align>
			<textcolor>ff6FAFE1</textcolor>
			<animation effect="Fade" time="250">WindowOpen</animation>
			<animation effect="Fade" time="250">WindowClose</animation>
    </control>
    
    <control>
		  <description>SavingName Value</description>
			<id>20</id>
			<type>fadelabel</type>
			<posX>90</posX>
			<posY>345</posY>
			<width>790</width>
			<label>#Saving.Name</label>
			<animation effect="Fade" time="250">WindowOpen</animation>
			<animation effect="Fade" time="250">WindowClose</animation>
    </control>
    
		<control>
			<description>ButtonChangeSaveName</description>
			<id>15</id>
			<type>button</type>
			<onleft>16</onleft>
			<onright>11</onright>
		  <onup>16</onup>
			<ondown>14</ondown>
			<width>280</width>
			<posX>90</posX>
			<posY>390</posY>
			<label>6029</label>
			<textalign>CENTER</textalign>
			<textvalign>middle</textvalign>
			<animation effect="Fade" time="250">WindowOpen</animation>
			<animation effect="Fade" time="250">WindowClose</animation>
    </control>
    
    
    <!--Speicherprofil Label und Textfeld + Button-->
    <control>
      <description>SavingProfile Label</description>
      <id>0</id>
      <type>label</type>
      <posX>90</posX>
      <posY>485</posY>
      <width>380</width>
      <label>#MyVideoRedo.Translation.SavingProfile:</label>
      <font>font10</font>
      <align>left</align>
      <textcolor>ff6FAFE1</textcolor>
      <animation effect="Fade" time="250">WindowOpen</animation>
      <animation effect="Fade" time="250">WindowClose</animation>
    </control>
		<control>
		    <description>SavingProfile Value</description>
			<id>0</id>
			<type>label</type>
			<posX>480</posX>
			<posY>485</posY>
		    <width>380</width>
			<label>#Saving.Profile</label>
			<animation effect="Fade" time="250">WindowOpen</animation>
			<animation effect="Fade" time="250">WindowClose</animation>
        </control>
    <control>
      <description>SavingEncodingtype Label</description>
      <id>0</id>
      <type>label</type>
      <posX>90</posX>
      <posY>515</posY>
      <width>380</width>
      <label>#MyVideoRedo.Translation.Encodingtype</label>
      <font>font10</font>
      <align>left</align>
      <textcolor>ff6FAFE1</textcolor>
    </control>
    <control>
      <description>SavingEncodingtype Value</description>
      <id>0</id>
      <type>label</type>
      <posX>480</posX>
      <posY>515</posY>
      <width>380</width>
      <label>#Profile.Encodingtype</label>
      <font>font10</font>
      <align>left</align>
    </control>
    <control>
      <description>SavingFiletype Label</description>
      <id>0</id>
      <type>label</type>
      <posX>90</posX>
      <posY>545</posY>
      <width>380</width>
      <label>#MyVideoRedo.Translation.Filetype</label>
      <font>font10</font>
      <align>left</align>
      <textcolor>ff6FAFE1</textcolor>
    </control>
    <control>
      <description>SavingFiletype Value</description>
      <id>0</id>
      <type>label</type>
      <posX>480</posX>
      <posY>545</posY>
      <width>380</width>
      <label>#Profile.Filetype</label>
      <font>font10</font>
      <align>left</align>
    </control>
    <control>
      <description>SavingResolution Label</description>
      <id>0</id>
      <type>label</type>
      <posX>90</posX>
      <posY>575</posY>
      <width>380</width>
      <label>#MyVideoRedo.Translation.Resolution</label>
      <font>font10</font>
      <align>left</align>
      <textcolor>ff6FAFE1</textcolor>
    </control>
    <control>
      <description>SavingResolution Value</description>
      <id>0</id>
      <type>label</type>
      <posX>480</posX>
      <posY>575</posY>
      <width>380</width>
      <label>#Profile.Resolution</label>
      <font>font10</font>
      <align>left</align>
    </control>
    <control>
      <description>SavingRatio Label</description>
      <id>0</id>
      <type>label</type>
      <posX>90</posX>
      <posY>605</posY>
      <width>380</width>
      <label>#MyVideoRedo.Translation.Ratio</label>
      <font>font10</font>
      <align>left</align>
      <textcolor>ff6FAFE1</textcolor>
    </control>
    <control>
      <description>SavingRatio Value</description>
      <id>0</id>
      <type>label</type>
      <posX>480</posX>
      <posY>605</posY>
      <width>380</width>
      <label>#Profile.Ratio</label>
      <font>font10</font>
      <align>left</align>
    </control>
    <control>
      <description>SavingDeInterlacemode Label</description>
      <id>0</id>
      <type>label</type>
      <posX>90</posX>
      <posY>635</posY>
      <width>380</width>
      <label>#MyVideoRedo.Translation.Deinterlacemode</label>
      <font>font10</font>
      <align>left</align>
      <textcolor>ff6FAFE1</textcolor>
    </control>
    <control>
      <description>SavingDeInterlacemode Value</description>
      <id>0</id>
      <type>label</type>
      <posX>480</posX>
      <posY>635</posY>
      <width>380</width>
      <label>#Profile.Deinterlacemode</label>
      <font>font10</font>
      <align>left</align>
    </control>
    <control>
      <description>SavingFramerate Label</description>
      <id>0</id>
      <type>label</type>
      <posX>90</posX>
      <posY>665</posY>
      <width>380</width>
      <label>#MyVideoRedo.Translation.Framerate</label>
      <font>font10</font>
      <align>left</align>
      <textcolor>ff6FAFE1</textcolor>
    </control>
    <control>
      <description>SavingFramerate Value</description>
      <id>0</id>
      <type>label</type>
      <posX>480</posX>
      <posY>665</posY>
      <width>380</width>
      <label>#Profile.Framerate</label>
      <font>font10</font>
      <align>left</align>
    </control>    
    
    <control>
		  <description>ButtonChangeProfile</description>
			<id>14</id>
			<type>button</type>
			<onleft>16</onleft>
			<onright>11</onright>
			<onup>15</onup>
			<ondown>16</ondown>
			<posX>90</posX>
			<posY>715</posY>
			<label>6029</label>
			<width>280</width>
			<textvalign>middle</textvalign>
			<textalign>CENTER</textalign>
			<animation effect="Fade" time="250">WindowOpen</animation>
			<animation effect="Fade" time="250">WindowClose</animation>
    </control>
  
		<!--Savebutton -->
    <control>
		  <description>SaveButton</description>
			<id>16</id>
			<type>button</type>
			<onleft>22</onleft>
		  <onright>22</onright>
			<onup>14</onup>
	    <ondown>22</ondown>
			<posX>90</posX>
			<posY>895</posY>
			<label>#MyVideoRedo.Translation.SaveVideo</label>
			<width>280</width>
			<textvalign>middle</textvalign>
      <textalign>CENTER</textalign>
			<animation effect="Fade" time="250">WindowOpen</animation>
			<animation effect="Fade" time="250">WindowClose</animation>
    </control> 
    </controls>
</window>
