﻿<?xml version="1.0" encoding="utf-8" standalone="yes"?>
<window>
  <id>1212</id>
  <defaultcontrol>14</defaultcontrol>
  <allowoverlay>no</allowoverlay>
  <define>#header.label:#currentmodule</define>
  <controls>
  <!-- Saving Status & Progress -->
    <control>
        <id>0</id>
        <type>image</type>
        <posX>441</posX>
        <posY>296</posY>
        <width>1040</width>
        <height>679</height>
        <texture>context_background.png</texture>
    </control>
	<control>
        <id>0</id>
        <description>GFX-Heading "menu" text label</description>
        <type>label</type>
        <posX>560</posX>
        <posY>386</posY>
        <width>800</width>
        <font>font22</font>
        <textcolor>ff393939</textcolor>
        <label>#SaveCuttedVideo</label>
    </control>
	<control>
        <id>52</id>
        <type>animation</type>
        <posX>858</posX>
        <posY>470</posY>
        <textures>common.waiting.1.png;common.waiting.2.png;common.waiting.3.png;common.waiting.4.png;common.waiting.5.png;common.waiting.6.png;common.waiting.7.png;common.waiting.8.png</textures>
        <Duration>0:0:01.5</Duration>
    </control>
	  <!-- Cancel Button-->
    <control>
		<id>14</id>
        <type>button</type>
        <onup>14</onup>
        <ondown>14</ondown>
        <posX>835</posX>
        <posY>810</posY>
        <width>250</width>
        <textureFocus>settings_button_small_focus.png</textureFocus>
        <textureNoFocus>settings_button_small_nofocus.png</textureNoFocus>
        <label>510</label>
        <textalign>CENTER</textalign>
        <textvalign>middle</textvalign>
    </control>
	<control>
        <description>SavingProgress2</description>
        <type>label</type>
        <posX>561</posX>
        <posY>600</posY>
	    <width>800</width>
	    <align>CENTER</align>
	    <textalign>CENTER</textalign>
	    <textvalign>middle</textvalign>
        <label>#Saving.Progress.Label2</label>
        <font>TitanLight12</font>
        <textcolor>ff393939</textcolor>
    </control>
	<control>
        <description>SavingProgress1</description>
        <type>label</type>
        <posX>561</posX>
        <posY>640</posY>
	    <width>800</width>
	    <align>CENTER</align>
	    <textalign>CENTER</textalign>
	    <textvalign>middle</textvalign>
        <label>#Saving.Progress.Label1</label>
        <font>TitanLight12</font>
        <textcolor>ff393939</textcolor>
    </control>
	    <control>
        <id>13</id>
        <description>SavingProgressbar</description>
        <type>progress</type>
        <posX>561</posX>
        <posY>700</posY>
        <width>800</width>
        <height>50</height>
    </control>
  </controls>
</window>
<!--Checksum:5c863f599e596484cdc716ce85300424-->